Rk,Name,Age,Tm,Lg,W,L,W-L%,ERA,G,GS,GF,CG,SHO,SV,IP,H,R,ER,HR,BB,IBB,SO,HBP,BK,WP,BF,ERA+,FIP,WHIP,H9,HR9,BB9,SO9,SO/W
1,David Aardsma,31,NYM,NL,2,2,0.5,4.31,43,0,7,0,0,0,39.2,39,20,19,7,19,6,36,4,1,1,178,83,5.27,1.462,8.8,1.6,4.3,8.2,1.89
2,Fernando Abad,27,WSN,NL,0,3,0,3.35,39,0,17,0,0,0,37.2,42,14,14,3,10,0,32,1,0,0,166,114,3.26,1.381,10,0.7,2.4,7.6,3.2
3,Alfredo Aceves,30,BOS,AL,4,1,0.8,4.86,11,6,3,0,0,0,37,42,21,20,8,22,0,24,0,2,0,169,85,6.35,1.73,10.2,1.9,5.4,5.8,1.09
4,Mike Adams,34,PHI,NL,1,4,0.2,3.96,28,0,4,0,0,0,25,23,11,11,5,11,0,23,1,0,1,107,96,5.25,1.36,8.3,1.8,4,8.3,2.09
5,Jeremy Affeldt,34,SFG,NL,1,5,0.167,3.74,39,0,11,0,0,0,33.2,27,14,14,2,17,5,21,4,0,2,146,93,4.44,1.307,7.2,0.5,4.5,5.6,1.24
6,Andrew Albers,27,MIN,AL,2,5,0.286,4.05,10,10,0,1,1,0,60,64,34,27,6,7,0,25,2,1,0,249,101,3.96,1.183,9.6,0.9,1.1,3.8,3.57
7,Matt Albers,30,CLE,AL,3,1,0.75,3.14,56,0,21,0,0,0,63,57,25,22,2,23,3,35,1,0,6,262,121,3.49,1.27,8.1,0.3,3.3,5,1.52
8,Al Alburquerque,27,DET,AL,4,3,0.571,4.59,53,0,12,0,0,0,49,39,25,25,5,34,5,70,2,1,9,220,91,3.72,1.49,7.2,0.9,6.2,12.9,2.06
9,Cody Allen,24,CLE,AL,6,1,0.857,2.43,77,0,12,0,0,2,70.1,62,22,19,7,26,2,88,1,0,9,301,157,2.99,1.251,7.9,0.9,3.3,11.3,3.38
10,Henderson Alvarez III,23,MIA,NL,5,6,0.455,3.59,17,17,0,1,1,0,102.2,90,42,41,2,27,1,57,7,1,4,418,108,3.18,1.14,7.9,0.2,2.4,5,2.11
11,Jose Alvarez,24,DET,AL,1,5,0.167,5.82,14,6,0,0,0,0,38.2,42,26,25,7,16,1,31,2,1,0,172,72,5.19,1.5,9.8,1.6,3.7,7.2,1.94
12,Hector Ambriz,29,HOU,AL,2,4,0.333,5.7,43,0,10,0,0,2,36.1,50,28,23,8,14,1,27,1,0,4,171,72,5.66,1.761,12.4,2,3.5,6.7,1.93
13,Steve Ames,25,MIA,NL,0,1,0,4.5,4,0,3,0,0,0,4,6,2,2,0,2,1,4,0,0,0,19,94,2.55,2,13.5,0,4.5,9,2
14,Brett Anderson,25,OAK,AL,1,4,0.2,6.04,16,5,4,0,0,3,44.2,51,32,30,5,21,1,46,0,0,0,200,65,3.85,1.612,10.3,1,4.2,9.3,2.19
15,Chris Archer,24,TBR,AL,9,7,0.563,3.22,23,23,0,2,2,0,128.2,107,49,46,15,38,2,101,8,0,7,525,120,4.07,1.127,7.5,1,2.7,7.1,2.66
16,Jake Arrieta,27,TOT,MLB,5,4,0.556,4.78,14,14,0,0,0,0,75.1,59,41,40,9,41,1,60,5,0,1,324,83,4.84,1.327,7,1.1,4.9,7.2,1.46
17,Jake Arrieta,27,BAL,AL,1,2,0.333,7.23,5,5,0,0,0,0,23.2,25,19,19,2,17,1,23,2,0,1,111,57,4.61,1.775,9.5,0.8,6.5,8.7,1.35
18,Jake Arrieta,27,CHC,NL,4,2,0.667,3.66,9,9,0,0,0,0,51.2,34,22,21,7,24,0,37,3,0,0,213,106,4.94,1.123,5.9,1.2,4.2,6.4,1.54
19,Bronson Arroyo,36,CIN,NL,14,12,0.538,3.79,32,32,0,2,1,0,202,199,88,85,32,34,2,124,7,2,1,823,100,4.49,1.153,8.9,1.4,1.5,5.5,3.65
20,Jairo Asencio,30,BAL,AL,0,0,,7.71,4,0,1,0,0,0,2.1,3,2,2,1,2,1,4,0,0,0,12,61,7.76,2.143,11.6,3.9,7.7,15.4,2
21,Scott Atchison,37,NYM,NL,3,3,0.5,4.37,50,0,10,0,0,0,45.1,45,27,22,4,12,0,28,0,0,5,194,82,3.75,1.257,8.9,0.8,2.4,5.6,2.33
22,Phillippe Aumont,24,PHI,NL,1,3,0.25,4.19,22,0,8,0,0,0,19.1,24,11,9,0,13,1,19,3,1,2,95,91,3.57,1.914,11.2,0,6.1,8.8,1.46
23,Luis Avilan,23,ATL,NL,5,0,1,1.52,75,0,7,0,0,0,65,40,12,11,1,22,2,38,4,1,3,256,247,3.28,0.954,5.5,0.1,3,5.3,1.73
24,Dylan Axelrod,27,CHW,AL,4,11,0.267,5.68,30,20,8,0,0,0,128.1,170,89,81,24,43,2,73,4,0,5,586,74,5.44,1.66,11.9,1.7,3,5.1,1.7
25,John Axford,30,TOT,NL,7,7,0.5,4.02,75,0,16,0,0,0,65,73,32,29,10,26,3,65,2,0,5,289,97,4.34,1.523,10.1,1.4,3.6,9,2.5
26,John Axford,30,MIL,NL,6,7,0.462,4.45,62,0,13,0,0,0,54.2,62,29,27,10,23,3,54,1,0,5,245,87,4.77,1.555,10.2,1.6,3.8,8.9,2.35
27,John Axford,30,STL,NL,1,0,1,1.74,13,0,3,0,0,0,10.1,11,3,2,0,3,0,11,1,0,0,44,223,2.08,1.355,9.6,0,2.6,9.6,3.67
28,Luis Ayala,35,TOT,MLB,2,1,0.667,3.27,39,0,7,0,0,0,33,38,12,12,2,13,2,22,0,0,1,143,118,3.68,1.545,10.4,0.5,3.5,6,1.69
29,Luis Ayala,35,BAL,AL,1,0,1,9,2,0,0,0,0,0,2,4,2,2,1,0,0,2,0,0,0,10,54,7.55,2,18,4.5,0,9,
30,Luis Ayala,35,ATL,NL,1,1,0.5,2.9,37,0,7,0,0,0,31,34,10,10,1,13,2,20,0,0,1,133,130,3.44,1.516,9.9,0.3,3.8,5.8,1.54
31,Burke Badenhop,30,MIL,NL,2,3,0.4,3.47,63,0,23,0,0,1,62.1,62,32,24,6,12,4,42,0,0,2,254,112,3.53,1.187,9,0.9,1.7,6.1,3.5
32,Andrew Bailey,29,BOS,AL,3,1,0.75,3.77,30,0,17,0,0,8,28.2,23,12,12,7,12,0,39,0,0,0,116,111,4.76,1.221,7.2,2.2,3.8,12.2,3.25
33,Homer Bailey,27,CIN,NL,11,12,0.478,3.49,32,32,0,2,1,0,209,181,85,81,20,54,2,199,10,2,5,849,108,3.31,1.124,7.8,0.9,2.3,8.6,3.69
34,Scott Baker,31,CHC,NL,0,0,,3.6,3,3,0,0,0,0,15,9,6,6,3,4,0,6,0,0,0,57,110,5.65,0.867,5.4,1.8,2.4,3.6,1.5
35,Grant Balfour,35,OAK,AL,1,3,0.25,2.59,65,0,55,0,0,38,62.2,48,20,18,7,27,2,72,0,0,9,262,151,3.49,1.197,6.9,1,3.9,10.3,2.67
36,Daniel Bard,28,BOS,AL,0,0,,9,2,0,1,0,0,0,1,1,1,1,0,2,0,1,0,0,0,6,63,7.05,3,9,0,18,9,0.5
37,Scott Barnes,25,CLE,AL,0,1,0,7.27,6,0,4,0,0,1,8.2,8,7,7,3,3,0,10,2,0,1,38,55,6.97,1.269,8.3,3.1,3.1,10.4,3.33
38,Anthony Bass,25,SDP,NL,0,0,,5.36,24,0,9,0,0,0,42,51,26,25,4,20,4,31,0,0,5,193,64,4.24,1.69,10.9,0.9,4.3,6.6,1.55
39,Antonio Bastardo,27,PHI,NL,3,2,0.6,2.32,48,0,15,0,0,2,42.2,33,12,11,2,21,1,47,1,0,4,179,163,3,1.266,7,0.4,4.4,9.9,2.24
40,Trevor Bauer,22,CLE,AL,1,2,0.333,5.29,4,4,0,0,0,0,17,15,11,10,3,16,0,11,1,0,1,81,73,7.05,1.824,7.9,1.6,8.5,5.8,0.69
41,Brandon Beachy,26,ATL,NL,2,1,0.667,4.5,5,5,0,0,0,0,30,27,17,15,5,4,0,23,0,0,2,120,84,4.08,1.033,8.1,1.5,1.2,6.9,5.75
42,Pedro Beato,26,BOS,AL,1,1,0.5,3.6,10,0,5,0,0,0,10,12,5,4,1,2,0,5,1,0,0,46,119,4.25,1.4,10.8,0.9,1.8,4.5,2.5
43,Blake Beavan,24,SEA,AL,0,2,0,6.13,12,2,4,0,0,0,39.2,46,27,27,8,8,0,27,1,0,0,174,61,4.99,1.361,10.4,1.8,1.8,6.1,3.38
44,Josh Beckett,33,LAD,NL,0,5,0,5.19,8,8,0,1,0,0,43.1,50,30,25,8,15,2,41,1,0,0,195,69,4.66,1.5,10.4,1.7,3.1,8.5,2.73
45,Erik Bedard,34,HOU,AL,4,12,0.25,4.59,32,26,3,0,0,1,151,149,83,77,18,75,0,138,6,0,1,663,88,4.38,1.483,8.9,1.1,4.5,8.2,1.84
46,Mike Belfiore,24,BAL,AL,0,0,,13.5,1,0,1,0,0,0,1.1,3,2,2,2,1,0,0,0,0,0,7,39,24.8,3,20.3,13.5,6.8,0,0
47,Ronald Belisario,30,LAD,NL,5,7,0.417,3.97,77,0,12,0,0,1,68,72,34,30,3,28,10,49,5,0,3,300,90,3.64,1.471,9.5,0.4,3.7,6.5,1.75
48,Matt Belisle,33,COL,NL,5,7,0.417,4.32,72,0,16,0,0,0,73,76,37,35,6,15,2,62,0,0,3,301,104,3.03,1.247,9.4,0.7,1.8,7.6,4.13
49,Jeff Beliveau,26,TBR,AL,0,0,,0,1,0,0,0,0,0,0.2,1,0,0,0,1,0,0,0,0,0,4,,7.55,3,13.5,0,13.5,0,0
50,Heath Bell,35,ARI,NL,5,2,0.714,4.11,69,0,32,0,0,15,65.2,74,30,30,12,16,1,72,3,0,4,287,94,4.1,1.371,10.1,1.6,2.2,9.9,4.5
51,Duane Below,27,MIA,NL,0,1,0,10.13,2,0,0,0,0,0,2.2,6,3,3,0,2,1,2,0,0,0,15,44,3.8,3,20.3,0,6.8,6.8,1
52,Joaquin Benoit,35,DET,AL,4,1,0.8,2.01,66,0,43,0,0,24,67,47,15,15,5,22,2,73,1,0,2,265,207,2.87,1.03,6.3,0.7,3,9.8,3.32
53,Dellin Betances,25,NYY,AL,0,0,,10.8,6,0,3,0,0,0,5,9,6,6,1,2,0,10,0,0,0,26,40,2.85,2.2,16.2,1.8,3.6,18,5
54,Rafael Betancourt,38,COL,NL,2,5,0.286,4.08,32,0,29,0,0,16,28.2,26,15,13,2,11,2,27,0,0,1,123,110,3.22,1.291,8.2,0.6,3.5,8.5,2.45
55,Chad Bettis,24,COL,NL,1,3,0.25,5.64,16,8,0,0,0,0,44.2,55,34,28,6,20,2,30,2,1,2,208,79,4.93,1.679,11.1,1.2,4,6,1.5
56,Chad Billingsley,28,LAD,NL,1,0,1,3,2,2,0,0,0,0,12,12,4,4,1,5,0,6,0,0,0,49,123,4.38,1.417,9,0.8,3.8,4.5,1.2
57,Vic Black,25,TOT,NL,3,0,1,3.71,18,0,6,0,0,1,17,17,7,7,1,6,0,15,2,0,4,76,101,3.46,1.353,9,0.5,3.2,7.9,2.5
58,Vic Black,25,PIT,NL,0,0,,4.5,3,0,2,0,0,0,4,6,2,2,0,2,0,3,1,0,1,21,87,3.8,2,13.5,0,4.5,6.8,1.5
59,Vic Black,25,NYM,NL,3,0,1,3.46,15,0,4,0,0,1,13,11,5,5,1,4,0,12,1,0,3,55,106,3.36,1.154,7.6,0.7,2.8,8.3,3
60,Travis Blackley,30,TOT,AL,2,2,0.5,4.83,46,3,5,0,0,0,50.1,46,27,27,12,22,4,40,1,0,7,211,85,5.93,1.351,8.2,2.1,3.9,7.2,1.82
61,Travis Blackley,30,HOU,AL,1,1,0.5,4.89,42,0,5,0,0,0,35,30,19,19,10,20,4,29,1,0,4,152,83,6.91,1.429,7.7,2.6,5.1,7.5,1.45
62,Travis Blackley,30,TEX,AL,1,1,0.5,4.7,4,3,0,0,0,0,15.1,16,8,8,2,2,0,11,0,0,3,59,90,3.7,1.174,9.4,1.2,1.2,6.5,5.5
63,Joe Blanton,32,LAA,AL,2,14,0.125,6.04,28,20,7,0,0,0,132.2,180,96,89,29,34,4,108,4,0,9,611,62,5.12,1.613,12.2,2,2.3,7.3,3.18
64,Michael Blazek,24,TOT,NL,0,1,0,5.71,18,0,7,0,0,0,17.1,16,12,11,3,13,0,14,1,0,0,84,69,6.11,1.673,8.3,1.6,6.8,7.3,1.08
65,Michael Blazek,24,STL,NL,0,0,,6.97,11,0,3,0,0,0,10.1,10,8,8,2,10,0,10,1,0,0,52,56,6.82,1.935,8.7,1.7,8.7,8.7,1
66,Michael Blazek,24,MIL,NL,0,1,0,3.86,7,0,4,0,0,0,7,6,4,3,1,3,0,4,0,0,0,32,106,5.05,1.286,7.7,1.3,3.9,5.1,1.33
67,Jerry Blevins,29,OAK,AL,5,0,1,3.15,67,0,14,0,0,0,60,47,23,21,7,17,2,52,4,0,2,245,124,3.88,1.067,7.1,1.1,2.6,7.8,3.06
68,Mitchell Boggs,29,TOT,NL,0,3,0,8.1,27,0,14,0,0,2,23.1,28,23,21,5,20,4,16,3,0,1,120,51,7.42,2.057,10.8,1.9,7.7,6.2,0.8
69,Mitchell Boggs,29,STL,NL,0,3,0,11.05,18,0,10,0,0,2,14.2,21,20,18,3,15,4,11,2,0,1,82,35,7.68,2.455,12.9,1.8,9.2,6.8,0.73
70,Mitchell Boggs,29,COL,NL,0,0,,3.12,9,0,4,0,0,0,8.2,7,3,3,2,5,0,5,1,0,0,38,148,6.97,1.385,7.3,2.1,5.2,5.2,1
71,Jeremy Bonderman,30,TOT,AL,2,4,0.333,5.4,18,7,4,0,0,0,55,58,36,33,7,27,3,32,2,0,3,246,72,5.12,1.545,9.5,1.1,4.4,5.2,1.19
72,Jeremy Bonderman,30,SEA,AL,1,3,0.25,4.93,7,7,0,0,0,0,38.1,40,23,21,4,17,2,16,2,0,2,170,75,5.06,1.487,9.4,0.9,4,3.8,0.94
73,Jeremy Bonderman,30,DET,AL,1,1,0.5,6.48,11,0,4,0,0,0,16.2,18,13,12,3,10,1,16,0,0,1,76,66,5.27,1.68,9.7,1.6,5.4,8.6,1.6
74,Chris Bootcheck,34,NYY,AL,0,0,,9,1,0,1,0,0,0,1,2,1,1,0,2,0,1,0,0,0,7,61,7.05,4,18,0,18,9,0.5
75,Buddy Boshers,25,LAA,AL,0,0,,4.7,25,0,1,0,0,0,15.1,13,8,8,0,8,1,13,1,0,0,63,82,3.11,1.37,7.6,0,4.7,7.6,1.63
76,Michael Bowden,26,CHC,NL,1,3,0.25,4.3,34,0,12,0,0,0,37.2,32,18,18,3,15,2,23,3,1,4,158,90,4.3,1.248,7.6,0.7,3.6,5.5,1.53
77,Brad Boxberger,25,SDP,NL,0,1,0,2.86,18,0,6,0,0,1,22,19,9,7,3,13,0,24,0,0,0,94,121,4.41,1.455,7.8,1.2,5.3,9.8,1.85
78,Brad Brach,27,SDP,NL,1,0,1,3.19,33,0,6,0,0,0,31,36,15,11,3,19,0,31,0,0,4,141,108,4.14,1.774,10.5,0.9,5.5,9,1.63
79,Ryan Brasier,25,LAA,AL,0,0,,2,7,0,7,0,0,0,9,7,2,2,1,4,0,7,0,0,0,35,196,4.27,1.222,7,1,4,7,1.75
80,Craig Breslow,32,BOS,AL,5,2,0.714,1.81,61,0,13,0,0,0,59.2,49,16,12,3,18,0,33,2,0,2,237,229,3.6,1.123,7.4,0.5,2.7,5,1.83
81,Charles Brewer,25,ARI,NL,0,0,,3,4,0,2,0,0,0,6,8,2,2,0,2,0,5,0,0,0,27,137,2.38,1.667,12,0,3,7.5,2.5
82,Drake Britton,24,BOS,AL,1,1,0.5,3.86,18,0,7,0,0,0,21,21,9,9,1,7,1,17,0,0,0,84,109,3.05,1.333,9,0.4,3,7.3,2.43
83,Zack Britton,25,BAL,AL,2,3,0.4,4.95,8,7,0,0,0,0,40,52,23,22,4,17,1,18,1,0,1,182,83,4.8,1.725,11.7,0.9,3.8,4.1,1.06
84,Rex Brothers,25,COL,NL,2,1,0.667,1.74,72,0,40,0,0,19,67.1,51,16,13,5,36,2,76,0,3,3,281,257,3.36,1.292,6.8,0.7,4.8,10.2,2.11
85,Jonathan Broxton,29,CIN,NL,2,2,0.5,4.11,34,0,8,0,0,0,30.2,27,17,14,4,12,2,25,4,0,0,133,93,4.68,1.272,7.9,1.2,3.5,7.3,2.08
86,Clay Buchholz,28,BOS,AL,12,1,0.923,1.74,16,16,0,1,1,0,108.1,75,23,21,4,36,0,96,1,0,1,416,237,2.78,1.025,6.2,0.3,3,8,2.67
87,Billy Buckner,29,LAA,AL,1,0,1,4.67,7,2,4,0,0,0,17.1,17,9,9,5,7,0,7,1,0,2,73,82,7.37,1.385,8.8,2.6,3.6,3.6,1
88,Mark Buehrle,34,TOR,AL,12,10,0.545,4.15,33,33,0,1,1,0,203.2,223,100,94,24,51,3,139,9,0,2,876,99,4.1,1.345,9.9,1.1,2.3,6.1,2.73
89,Francisley Bueno,32,KCR,AL,1,0,1,0,7,0,0,0,0,0,8.1,4,0,0,0,2,1,5,0,0,0,31,,2.57,0.72,4.3,0,2.2,5.4,2.5
90,Madison Bumgarner,23,SFG,NL,13,9,0.591,2.77,31,31,0,0,0,0,201.1,146,68,62,15,62,6,199,6,0,6,803,124,3.05,1.033,6.5,0.7,2.8,8.9,3.21
91,Hiram Burgos,25,MIL,NL,1,2,0.333,6.44,6,6,0,0,0,0,29.1,38,23,21,5,11,0,18,2,0,0,139,61,5.37,1.67,11.7,1.5,3.4,5.5,1.64
92,Greg Burke,30,NYM,NL,0,3,0,5.68,32,0,12,0,0,0,31.2,43,27,20,3,15,2,28,0,0,0,156,63,3.93,1.832,12.2,0.9,4.3,8,1.87
93,A.J. Burnett,36,PIT,NL,10,11,0.476,3.3,30,30,0,1,0,0,191,165,79,70,11,67,3,209,9,0,12,801,108,2.8,1.215,7.8,0.5,3.2,9.8,3.12
94,Alex Burnett,25,TOT,MLB,0,0,,11.57,3,0,1,0,0,0,2.1,5,3,3,0,2,0,2,0,0,0,14,46,3.91,3,19.3,0,7.7,7.7,1
95,Alex Burnett,25,BAL,AL,0,0,,20.25,2,0,0,0,0,0,1.1,4,3,3,0,2,0,2,0,0,0,10,26,4.55,4.5,27,0,13.5,13.5,1
96,Alex Burnett,25,CHC,NL,0,0,,0,1,0,1,0,0,0,1,1,0,0,0,0,0,0,0,0,0,4,,3.05,1,9,0,0,0,
97,Sean Burnett,30,LAA,AL,0,0,,0.93,13,0,1,0,0,0,9.2,9,1,1,1,4,0,7,0,0,1,40,420,4.19,1.345,8.4,0.9,3.7,6.5,1.75
98,Cory Burns,25,TEX,AL,1,0,1,3.18,10,0,4,0,0,0,11.1,12,4,4,1,7,2,5,1,0,2,54,134,5.43,1.676,9.5,0.8,5.6,4,0.71
99,Jared Burton,32,MIN,AL,2,9,0.182,3.82,71,0,14,0,0,2,66,61,29,28,6,22,5,61,5,0,2,281,107,3.61,1.258,8.3,0.8,3,8.3,2.77
100,Dave Bush,33,TOR,AL,0,0,,15,1,0,0,0,0,0,3,5,5,5,4,1,0,1,0,0,0,15,31,20.71,2,15,12,3,3,1
101,Keith Butler,24,STL,NL,0,0,,4.05,16,0,8,0,0,0,20,13,9,9,0,11,0,16,1,0,0,85,94,3.25,1.2,5.9,0,5,7.2,1.45
102,Tim Byrdak,39,NYM,NL,0,0,,7.71,8,0,2,0,0,0,4.2,5,4,4,2,2,0,3,0,0,0,21,50,8.62,1.5,9.6,3.9,3.9,5.8,1.5
103,Cesar Cabral,24,NYY,AL,0,0,,2.45,8,0,0,0,0,0,3.2,3,1,1,0,1,0,6,1,0,2,15,180,1.41,1.091,7.4,0,2.5,14.7,6
104,Alberto Cabrera,24,CHC,NL,0,0,,4.5,7,0,0,0,0,0,6,7,3,3,0,5,0,4,1,0,0,30,91,4.71,2,10.5,0,7.5,6,0.8
105,Trevor Cahill,25,ARI,NL,8,10,0.444,3.99,26,25,1,0,0,0,146.2,143,70,65,13,65,2,102,6,0,17,636,97,4.26,1.418,8.8,0.8,4,6.3,1.57
106,Matt Cain,28,SFG,NL,8,10,0.444,4,30,30,0,0,0,0,184.1,158,85,82,23,55,3,158,5,0,1,760,86,3.93,1.156,7.7,1.1,2.7,7.7,2.87
107,Arquimedes Caminero,26,MIA,NL,0,0,,2.77,13,0,6,0,0,0,13,10,4,4,2,3,0,12,1,0,1,52,143,4.12,1,6.9,1.4,2.1,8.3,4
108,Shawn Camp,37,CHC,NL,1,1,0.5,7.04,26,0,8,0,0,0,23,34,18,18,7,9,2,13,0,2,0,108,56,7.05,1.87,13.3,2.7,3.5,5.1,1.44
109,Carter Capps,22,SEA,AL,3,3,0.5,5.49,53,0,11,0,0,0,59,73,37,36,12,23,4,66,2,0,5,270,67,4.73,1.627,11.1,1.8,3.5,10.1,2.87
110,Chris Capuano,34,LAD,NL,4,7,0.364,4.26,24,20,0,0,0,0,105.2,125,57,50,11,24,5,81,0,0,5,457,84,3.55,1.41,10.6,0.9,2,6.9,3.38
111,David Carpenter,27,ATL,NL,4,1,0.8,1.78,56,0,14,0,0,0,65.2,45,13,13,5,20,3,74,3,0,4,256,211,2.83,0.99,6.2,0.7,2.7,10.1,3.7
112,David Carpenter,25,LAA,AL,0,0,,108,1,0,0,0,0,0,0.1,2,4,4,1,2,0,1,0,0,1,5,8,54.05,12,54,27,54,27,0.5
113,Carlos Carrasco,26,CLE,AL,1,4,0.2,6.75,15,7,5,0,0,0,46.2,64,36,35,4,18,2,30,1,0,2,218,57,4.1,1.757,12.3,0.8,3.5,5.8,1.67
114,Jamey Carroll,39,TOT,AL,0,0,,0,1,0,1,0,0,0,1,0,0,0,0,0,0,0,0,0,0,3,,3.05,0,0,0,0,0,
115,Jamey Carroll,39,MIN,AL,0,0,,0,1,0,1,0,0,0,1,0,0,0,0,0,0,0,0,0,0,3,,3.05,0,0,0,0,0,
116,Robert Carson,24,NYM,NL,0,0,,8.24,14,0,3,0,0,0,19.2,21,19,18,9,7,0,8,1,0,0,88,44,9.4,1.424,9.6,4.1,3.2,3.7,1.14
117,Andrew Cashner,26,SDP,NL,10,9,0.526,3.09,31,26,2,1,1,0,175,151,68,60,12,47,3,128,4,0,5,707,111,3.35,1.131,7.8,0.6,2.4,6.6,2.72
118,Santiago Casilla,32,SFG,NL,7,2,0.778,2.16,57,0,12,0,0,2,50,39,14,12,2,25,6,38,2,0,8,208,161,3.67,1.28,7,0.4,4.5,6.8,1.52
119,Simon Castro,25,CHW,AL,0,1,0,2.7,4,0,4,0,0,0,6.2,5,2,2,1,3,0,6,1,0,0,28,164,5,1.2,6.8,1.4,4.1,8.1,2
120,Brett Cecil,26,TOR,AL,5,1,0.833,2.82,60,0,12,0,0,1,60.2,44,20,19,4,23,3,70,3,1,5,250,147,2.88,1.104,6.5,0.6,3.4,10.4,3.04
121,Xavier Cedeno,26,TOT,MLB,0,0,,6.57,16,0,3,0,0,0,12.1,15,12,9,0,8,0,9,2,0,0,60,63,4.02,1.865,10.9,0,5.8,6.6,1.13
122,Xavier Cedeno,26,HOU,AL,0,0,,11.37,5,0,0,0,0,0,6.1,10,11,8,0,7,0,3,2,0,0,37,38,6.36,2.684,14.2,0,9.9,4.3,0.43
123,Xavier Cedeno,26,WSN,NL,0,0,,1.5,11,0,3,0,0,0,6,5,1,1,0,1,0,6,0,0,0,23,269,1.55,1,7.5,0,1.5,9,6
124,Jhoulys Chacin,25,COL,NL,14,10,0.583,3.47,31,31,0,0,0,0,197.1,188,82,76,11,61,3,126,3,1,5,816,129,3.47,1.262,8.6,0.5,2.8,5.7,2.07
125,Joba Chamberlain,27,NYY,AL,2,1,0.667,4.93,45,0,14,0,0,1,42,47,23,23,8,26,1,38,1,0,3,198,82,5.64,1.738,10.1,1.7,5.6,8.1,1.46
126,Aroldis Chapman,25,CIN,NL,4,5,0.444,2.54,68,0,55,0,0,38,63.2,37,18,18,7,29,0,112,3,0,6,258,149,2.47,1.037,5.2,1,4.1,15.8,3.86
127,Kevin Chapman,25,HOU,AL,1,1,0.5,1.77,25,0,2,0,0,1,20.1,13,6,4,1,13,2,15,1,0,3,87,232,4.28,1.279,5.8,0.4,5.8,6.6,1.15
128,Tyler Chatwood,23,COL,NL,8,5,0.615,3.15,20,20,0,1,0,0,111.1,118,44,39,5,41,5,66,4,0,10,476,142,3.66,1.428,9.5,0.4,3.3,5.3,1.61
129,Jesse Chavez,29,OAK,AL,2,4,0.333,3.92,35,0,16,0,0,1,57.1,50,27,25,3,20,4,55,3,0,5,248,99,3.01,1.221,7.8,0.5,3.1,8.6,2.75
130,Bruce Chen,36,KCR,AL,9,4,0.692,3.27,34,15,3,0,0,0,121,107,46,44,13,36,4,78,3,1,0,498,126,4.12,1.182,8,1,2.7,5.8,2.17
131,Wei-Yin Chen,27,BAL,AL,7,7,0.5,4.07,23,23,0,0,0,0,137,142,62,62,17,39,2,104,2,0,3,572,100,4.04,1.321,9.3,1.1,2.6,6.8,2.67
132,Randy Choate,37,STL,NL,2,1,0.667,2.29,64,0,9,0,0,0,35.1,26,9,9,0,11,0,28,2,0,0,141,165,2.57,1.047,6.6,0,2.8,7.1,2.55
133,Nick Christiani,25,CIN,NL,0,0,,2.25,3,0,1,0,0,0,4,2,1,1,1,2,0,1,1,0,0,16,185,8.05,1,4.5,2.3,4.5,2.3,0.5
134,Tony Cingrani,23,CIN,NL,7,4,0.636,2.92,23,18,0,0,0,0,104.2,72,37,34,14,43,1,120,2,0,4,420,130,3.78,1.099,6.2,1.2,3.7,10.3,2.79
135,Steve Cishek,27,MIA,NL,4,6,0.4,2.33,69,0,62,0,0,34,69.2,53,19,18,3,22,6,74,2,0,1,281,167,2.52,1.077,6.8,0.4,2.8,9.6,3.36
136,Jose Cisnero,24,HOU,AL,2,2,0.5,4.12,28,0,11,0,0,0,43.2,49,23,20,5,22,5,41,1,2,1,198,99,4.24,1.626,10.1,1,4.5,8.5,1.86
137,Preston Claiborne,25,NYY,AL,0,2,0,4.11,44,0,12,0,0,0,50.1,51,23,23,7,14,4,42,2,0,2,214,98,4.14,1.291,9.1,1.3,2.5,7.5,3
138,Zach Clark,29,BAL,AL,0,0,,16.2,1,0,0,0,0,0,1.2,3,3,3,0,2,0,1,0,0,0,10,31,5.45,3,16.2,0,10.8,5.4,0.5
139,Paul Clemens,25,HOU,AL,4,7,0.364,5.4,35,5,8,0,0,0,73.1,82,48,44,16,26,1,49,2,0,2,323,75,5.69,1.473,10.1,2,3.2,6,1.88
140,Maikel Cleto,24,STL,NL,0,0,,19.29,1,0,1,0,0,0,2.1,5,5,5,1,1,0,5,2,0,0,15,23,8.19,2.571,19.3,3.9,3.9,19.3,5
141,Tyler Clippard,28,WSN,NL,6,3,0.667,2.41,72,0,6,0,0,0,71,37,19,19,9,24,1,73,4,0,2,275,158,3.82,0.859,4.7,1.1,3,9.3,3.04
142,Tyler Cloyd,26,PHI,NL,2,7,0.222,6.56,13,11,1,0,0,0,60.1,83,45,44,7,25,2,41,1,0,3,282,57,4.49,1.79,12.4,1,3.7,6.1,1.64
143,Alex Cobb,25,TBR,AL,11,3,0.786,2.76,22,22,0,1,0,0,143.1,120,46,44,13,45,4,134,3,1,5,578,139,3.36,1.151,7.5,0.8,2.8,8.4,2.98
144,Robert Coello,28,LAA,AL,2,2,0.5,3.71,16,0,8,0,0,1,17,14,7,7,1,8,0,23,0,0,0,73,104,2.52,1.294,7.4,0.5,4.2,12.2,2.88
145,Phil Coke,30,DET,AL,0,5,0,5.4,49,0,14,0,0,1,38.1,43,24,23,3,21,7,30,0,0,1,177,78,4.14,1.67,10.1,0.7,4.9,7,1.43
146,Gerrit Cole,22,PIT,NL,10,7,0.588,3.22,19,19,0,0,0,0,117.1,109,43,42,7,28,0,100,3,0,4,469,111,2.91,1.168,8.4,0.5,2.1,7.7,3.57
147,Louis Coleman,27,KCR,AL,3,0,1,0.61,27,0,8,0,0,0,29.2,19,2,2,1,6,1,32,1,0,1,110,686,2.04,0.843,5.8,0.3,1.8,9.7,5.33
148,Tim Collins,23,KCR,AL,3,6,0.333,3.54,66,0,8,0,0,0,53.1,49,26,21,3,28,1,52,0,0,0,233,117,3.4,1.444,8.3,0.5,4.7,8.8,1.86
149,Josh Collmenter,27,ARI,NL,5,5,0.5,3.13,49,0,10,0,0,0,92,79,34,32,8,33,8,85,2,0,3,384,124,3.47,1.217,7.7,0.8,3.2,8.3,2.58
150,Alex Colome,24,TBR,AL,1,1,0.5,2.25,3,3,0,0,0,0,16,14,8,4,2,9,0,12,1,0,1,71,175,5.05,1.438,7.9,1.1,5.1,6.8,1.33
151,Bartolo Colon,40,OAK,AL,18,6,0.75,2.65,30,30,0,3,3,0,190.1,193,60,56,14,29,0,117,0,0,1,769,147,3.23,1.166,9.1,0.7,1.4,5.5,4.03
152,José Contreras,41,PIT,NL,0,0,,9,7,0,1,0,0,0,5,7,5,5,1,6,0,5,0,0,0,28,43,7.25,2.6,12.6,1.8,10.8,9,0.83
153,Ryan Cook,26,OAK,AL,6,4,0.6,2.54,71,0,13,0,0,2,67.1,62,22,19,2,25,1,67,4,0,7,294,153,2.74,1.292,8.3,0.3,3.3,9,2.68
154,Patrick Corbin,23,ARI,NL,14,8,0.636,3.41,32,32,0,3,0,0,208.1,189,81,79,19,54,1,178,9,0,13,860,113,3.43,1.166,8.2,0.8,2.3,7.7,3.3
155,Manny Corpas,30,COL,NL,1,2,0.333,4.54,31,0,9,0,0,0,41.2,40,21,21,5,16,3,30,1,1,3,178,99,4.39,1.344,8.6,1.1,3.5,6.5,1.88
156,Kevin Correia,32,MIN,AL,9,13,0.409,4.18,31,31,0,0,0,0,185.1,218,89,86,24,45,1,101,2,0,2,792,98,4.4,1.419,10.6,1.2,2.2,4.9,2.24
157,Jarred Cosart,23,HOU,AL,1,1,0.5,1.95,10,10,0,0,0,0,60,46,15,13,3,35,0,33,0,0,3,246,208,4.35,1.35,6.9,0.5,5.3,5,0.94
158,Neal Cotts,33,TEX,AL,8,3,0.727,1.11,58,0,6,0,0,1,57,36,8,7,2,18,1,65,0,0,3,223,375,2.17,0.947,5.7,0.3,2.8,10.3,3.61
159,Jesse Crain,31,CHW,AL,2,3,0.4,0.74,38,0,5,0,0,0,36.2,31,6,3,0,11,1,46,1,0,0,152,575,1.52,1.145,7.6,0,2.7,11.3,4.18
160,Aaron Crow,26,KCR,AL,7,5,0.583,3.38,57,0,14,0,0,1,48,49,19,18,6,22,3,44,2,0,5,210,123,4.34,1.479,9.2,1.1,4.1,8.3,2
161,Rhiner Cruz,26,HOU,AL,0,2,0,3.38,20,0,11,0,0,0,21.1,25,9,8,2,11,0,10,2,0,1,98,122,5.16,1.688,10.5,0.8,4.6,4.2,0.91
162,Johnny Cueto,27,CIN,NL,5,2,0.714,2.82,11,11,0,0,0,0,60.2,46,20,19,7,18,1,51,1,0,1,242,135,3.81,1.055,6.8,1,2.7,7.6,2.83
163,Brandon Cumpton,24,PIT,NL,2,1,0.667,2.05,6,5,0,0,0,0,30.2,26,8,7,1,5,0,22,1,0,1,124,175,2.62,1.011,7.6,0.3,1.5,6.5,4.4
164,Matt Daley,31,NYY,AL,1,0,1,0,7,0,4,0,0,0,6,2,0,0,0,0,0,8,1,0,0,21,,0.88,0.333,3,0,0,12,
165,John Danks,28,CHW,AL,4,14,0.222,4.75,22,22,0,0,0,0,138.1,151,81,73,28,27,0,89,4,0,3,583,89,5.06,1.287,9.8,1.8,1.8,5.8,3.3
166,Yu Darvish,26,TEX,AL,13,9,0.591,2.83,32,32,0,0,0,0,209.2,145,68,66,26,80,1,277,8,1,7,841,145,3.28,1.073,6.2,1.1,3.4,11.9,3.46
167,Erik Davis,26,WSN,NL,1,0,1,3.12,10,0,2,0,0,0,8.2,10,3,3,0,1,0,12,0,0,1,38,127,0.62,1.269,10.4,0,1,12.5,12
168,Wade Davis,27,KCR,AL,8,11,0.421,5.32,31,24,2,0,0,0,135.1,169,89,80,15,58,2,114,4,0,7,618,78,4.18,1.677,11.2,1,3.9,7.6,1.97
169,Justin De Fratus,25,PHI,NL,3,3,0.5,3.86,58,0,12,0,0,0,46.2,45,21,20,3,25,3,42,5,0,6,208,98,4.01,1.5,8.7,0.6,4.8,8.1,1.68
170,Dane De La Rosa,30,LAA,AL,6,1,0.857,2.86,75,0,20,0,0,2,72.1,56,25,23,3,28,2,65,1,0,6,291,132,2.99,1.161,7,0.4,3.5,8.1,2.32
171,Eury De La Rosa,23,ARI,NL,0,1,0,7.36,19,0,6,0,0,0,14.2,13,13,12,5,5,0,16,0,0,1,62,54,6.32,1.227,8,3.1,3.1,9.8,3.2
172,Jorge De La Rosa,32,COL,NL,16,6,0.727,3.49,30,30,0,0,0,0,167.2,170,70,65,11,62,5,112,5,0,5,714,128,3.76,1.384,9.1,0.6,3.3,6,1.81
173,Rubby De La Rosa,24,BOS,AL,0,2,0,5.56,11,0,7,0,0,0,11.1,15,7,7,2,2,0,6,3,0,1,53,76,5.61,1.5,11.9,1.6,1.6,4.8,3
174,Jose De La Torre,27,BOS,AL,0,0,,6.35,7,0,5,0,0,0,11.1,10,8,8,2,10,0,15,1,0,0,53,67,5.61,1.765,7.9,1.6,7.9,11.9,1.5
175,Jorge De Leon,25,HOU,AL,0,1,0,5.4,11,0,7,0,0,0,10,12,7,6,1,7,1,6,1,0,2,50,78,5.55,1.9,10.8,0.9,6.3,5.4,0.86
176,Cole De Vries,28,MIN,AL,0,2,0,10.8,4,2,0,0,0,0,15,22,18,18,6,9,0,12,0,0,0,76,39,8.45,2.067,13.2,3.6,5.4,7.2,1.33
177,Sam Deduno,29,MIN,AL,8,8,0.5,3.83,18,18,0,0,0,0,108,105,48,46,7,41,0,67,9,2,8,461,107,4.04,1.352,8.8,0.6,3.4,5.6,1.63
178,Steve Delabar,29,TOR,AL,5,5,0.5,3.22,55,0,14,0,0,1,58.2,50,25,21,4,29,5,82,2,1,4,253,128,2.72,1.347,7.7,0.6,4.4,12.6,2.83
179,Randall Delgado,23,ARI,NL,5,7,0.417,4.26,20,19,0,1,1,0,116.1,116,59,55,24,23,2,79,1,1,3,473,91,4.99,1.195,9,1.9,1.8,6.1,3.43
180,Ryan Dempster,36,BOS,AL,8,9,0.471,4.57,32,29,1,0,0,0,171.1,170,97,87,26,79,1,157,6,1,9,754,90,4.68,1.453,8.9,1.4,4.1,8.2,1.99
181,Ross Detwiler,27,WSN,NL,2,7,0.222,4.04,13,13,0,0,0,0,71.1,92,37,32,5,14,2,39,5,0,0,316,94,3.66,1.486,11.6,0.6,1.8,4.9,2.79
182,Scott Diamond,26,MIN,AL,6,13,0.316,5.43,24,24,0,0,0,0,131,163,88,79,21,36,4,52,1,0,5,576,75,5.19,1.519,11.2,1.4,2.5,3.6,1.44
183,R.A. Dickey,38,TOR,AL,14,13,0.519,4.21,34,34,0,3,1,0,224.2,207,113,105,35,71,0,177,10,1,7,943,98,4.58,1.237,8.3,1.4,2.8,7.1,2.49
184,Jake Diekman,26,PHI,NL,1,4,0.2,2.58,45,0,11,0,0,0,38.1,34,15,11,1,16,2,41,0,1,2,164,146,2.5,1.304,8,0.2,3.8,9.6,2.56
185,Rafael Dolis,25,CHC,NL,0,0,,0,5,0,2,0,0,0,5,3,2,0,0,2,0,0,0,0,0,21,,4.25,1,5.4,0,3.6,0,0
186,Jose Dominguez,22,LAD,NL,0,0,,2.16,9,0,2,0,0,0,8.1,11,3,2,0,3,0,4,1,0,1,39,173,3.53,1.68,11.9,0,3.2,4.3,1.33
187,Sean Doolittle,26,OAK,AL,5,5,0.5,3.13,70,0,11,0,0,2,69,53,24,24,4,13,1,60,2,0,2,266,124,2.71,0.957,6.9,0.5,1.7,7.8,4.62
188,Octavio Dotel,39,DET,AL,0,0,,13.5,6,0,1,0,0,0,4.2,10,7,7,0,4,0,4,0,0,0,28,33,3.91,3,19.3,0,7.7,7.7,1
189,Felix Doubront,25,BOS,AL,11,6,0.647,4.32,29,27,0,0,0,0,162.1,161,84,78,13,71,0,139,5,0,8,705,95,3.78,1.429,8.9,0.7,3.9,7.7,1.96
190,Darin Downs,28,DET,AL,0,2,0,4.84,29,0,8,0,0,0,35.1,36,20,19,4,11,2,37,2,0,2,151,87,3.53,1.33,9.2,1,2.8,9.4,3.36
191,Scott Downs,37,TOT,MLB,4,4,0.5,2.49,68,0,5,0,0,0,43.1,45,13,12,1,19,2,37,2,0,2,189,153,3.09,1.477,9.3,0.2,3.9,7.7,1.95
192,Scott Downs,37,LAA,AL,2,3,0.4,1.84,43,0,3,0,0,0,29.1,26,7,6,1,11,2,22,2,0,1,122,207,3.32,1.261,8,0.3,3.4,6.8,2
193,Scott Downs,37,ATL,NL,2,1,0.667,3.86,25,0,2,0,0,0,14,19,6,6,0,8,0,15,0,0,1,67,100,2.62,1.929,12.2,0,5.1,9.6,1.88
194,Kyle Drabek,25,TOR,AL,0,0,,7.71,3,0,1,0,0,0,2.1,4,2,2,1,2,0,3,1,0,0,14,62,9.91,2.571,15.4,3.9,7.7,11.6,1.5
195,Brian Duensing,30,MIN,AL,6,2,0.75,3.98,73,0,9,0,0,1,61,68,28,27,4,22,4,56,2,0,6,268,103,3.24,1.475,10,0.6,3.2,8.3,2.55
196,Danny Duffy,24,KCR,AL,2,0,1,1.85,5,5,0,0,0,0,24.1,19,5,5,0,14,0,22,1,0,2,104,226,3.09,1.356,7,0,5.2,8.1,1.57
197,Zach Duke,30,TOT,NL,1,2,0.333,6.03,26,1,3,0,0,0,31.1,39,23,21,3,10,3,18,1,0,2,142,64,4.2,1.564,11.2,0.9,2.9,5.2,1.8
198,Zach Duke,30,WSN,NL,1,1,0.5,8.71,12,1,1,0,0,0,20.2,31,22,20,2,8,3,11,1,0,1,101,44,4.55,1.887,13.5,0.9,3.5,4.8,1.38
199,Zach Duke,30,CIN,NL,0,1,0,0.84,14,0,2,0,0,0,10.2,8,1,1,1,2,0,7,0,0,1,41,465,3.52,0.938,6.8,0.8,1.7,5.9,3.5
200,Mike Dunn,28,MIA,NL,3,4,0.429,2.66,75,0,15,0,0,2,67.2,53,21,20,5,28,4,72,0,0,2,282,146,3.12,1.197,7,0.7,3.7,9.6,2.57
201,Jake Dunning,24,SFG,NL,0,2,0,2.84,29,0,9,0,0,0,25.1,20,8,8,2,11,1,16,3,0,1,104,123,4.47,1.224,7.1,0.7,3.9,5.7,1.45
202,Chad Durbin,35,PHI,NL,1,0,1,9,16,0,3,0,0,0,16,25,17,16,4,9,1,16,0,0,0,81,43,5.99,2.125,14.1,2.3,5.1,9,1.78
203,Chris Dwyer,25,KCR,AL,0,0,,0,2,0,0,0,0,0,3,2,0,0,0,1,0,2,0,0,0,11,,2.71,1,6,0,3,6,2
204,Sam Dyson,25,MIA,NL,0,2,0,9,5,1,1,0,0,0,11,16,12,11,2,5,1,5,1,0,0,54,44,6.14,1.909,13.1,1.6,4.1,4.1,1
205,Josh Edgin,26,NYM,NL,1,1,0.5,3.77,34,0,5,0,0,1,28.2,26,12,12,2,12,3,20,2,0,0,122,96,4.02,1.326,8.2,0.6,3.8,6.3,1.67
206,Jake Elmore,26,HOU,AL,0,0,,0,1,0,1,0,0,0,1,0,0,0,0,0,0,0,0,0,0,3,,3.05,0,0,0,0,0,
207,Barry Enright,27,LAA,AL,0,2,0,12.96,4,2,1,0,0,0,8.1,12,12,12,2,7,0,6,0,0,1,43,30,7.25,2.28,13,2.2,7.6,6.5,0.86
208,Nathan Eovaldi,23,MIA,NL,4,6,0.4,3.39,18,18,0,0,0,0,106.1,100,44,40,7,40,3,78,1,0,3,451,114,3.59,1.317,8.5,0.6,3.4,6.6,1.95
209,Cody Eppley,27,NYY,AL,0,0,,21.6,2,0,1,0,0,0,1.2,4,4,4,0,0,0,1,0,0,2,8,23,1.85,2.4,21.6,0,0,5.4,
210,Robbie Erlin,22,SDP,NL,3,3,0.5,4.12,11,9,2,0,0,0,54.2,53,26,25,6,15,0,40,0,0,3,227,83,3.83,1.244,8.7,1,2.5,6.6,2.67
211,Edgmer Escalona,26,COL,NL,1,4,0.2,5.67,37,0,7,0,0,0,46,52,32,29,8,14,2,34,2,3,2,205,79,4.87,1.435,10.2,1.6,2.7,6.7,2.43
212,Marco Estrada,29,MIL,NL,7,4,0.636,3.87,21,21,0,0,0,0,128,109,56,55,19,29,0,118,2,0,3,512,100,3.86,1.078,7.7,1.3,2,8.3,4.07
213,Jeurys Familia,23,NYM,NL,0,0,,4.22,9,0,3,0,0,1,10.2,12,5,5,2,9,1,8,0,0,3,52,88,6.52,1.969,10.1,1.7,7.6,6.8,0.89
214,Kyle Farnsworth,37,TOT,MLB,3,1,0.75,4.7,48,0,17,0,0,2,38.1,43,20,20,5,10,0,28,1,1,0,162,82,4.14,1.383,10.1,1.2,2.3,6.6,2.8
215,Kyle Farnsworth,37,TBR,AL,2,0,1,5.76,39,0,10,0,0,0,29.2,37,19,19,4,7,0,19,1,1,0,129,67,4.33,1.483,11.2,1.2,2.1,5.8,2.71
216,Kyle Farnsworth,37,PIT,NL,1,1,0.5,1.04,9,0,7,0,0,2,8.2,6,1,1,1,3,0,9,0,0,0,33,359,3.51,1.038,6.2,1,3.1,9.3,3
217,Danny Farquhar,26,SEA,AL,0,3,0,4.2,46,0,27,0,0,16,55.2,44,29,26,2,22,4,79,0,1,2,228,88,1.86,1.186,7.1,0.3,3.6,12.8,3.59
218,Scott Feldman,30,TOT,MLB,12,12,0.5,3.86,30,30,0,2,1,0,181.2,159,87,78,19,56,1,132,9,1,7,758,103,4.03,1.183,7.9,0.9,2.8,6.5,2.36
219,Scott Feldman,30,CHC,NL,7,6,0.538,3.46,15,15,0,1,0,0,91,79,42,35,10,25,0,67,3,0,4,376,112,3.93,1.143,7.8,1,2.5,6.6,2.68
220,Scott Feldman,30,BAL,AL,5,6,0.455,4.27,15,15,0,1,1,0,90.2,80,45,43,9,31,1,65,6,1,3,382,96,4.13,1.224,7.9,0.9,3.1,6.5,2.1
221,Pedro Feliciano,36,NYM,NL,0,2,0,3.97,25,0,3,0,0,0,11.1,11,5,5,1,6,2,9,1,0,1,51,93,4.46,1.5,8.7,0.8,4.8,7.1,1.5
222,Neftali Feliz,25,TEX,AL,0,0,,0,6,0,2,0,0,0,4.2,5,0,0,0,2,0,4,1,0,0,21,,3.26,1.5,9.6,0,3.9,7.7,2
223,Jose Fernandez,20,MIA,NL,12,6,0.667,2.19,28,28,0,0,0,0,172.2,111,47,42,10,58,5,187,5,1,3,681,176,2.73,0.979,5.8,0.5,3,9.7,3.22
224,Josh Fields,27,HOU,AL,1,3,0.25,4.97,41,0,16,0,0,5,38,31,21,21,8,18,4,40,0,0,0,160,82,5.1,1.289,7.3,1.9,4.3,9.5,2.22
225,Casey Fien,29,MIN,AL,5,2,0.714,3.92,73,0,20,0,0,0,62,51,28,27,9,12,3,73,0,0,2,244,105,3.16,1.016,7.4,1.3,1.7,10.6,6.08
226,Mike Fiers,28,MIL,NL,1,4,0.2,7.25,11,3,4,0,0,0,22.1,28,20,18,8,6,0,15,0,0,1,103,54,7.17,1.522,11.3,3.2,2.4,6,2.5
227,Stephen Fife,26,LAD,NL,4,4,0.5,3.86,12,10,0,0,0,0,58.1,69,29,25,7,20,2,45,5,0,6,258,93,4.35,1.526,10.6,1.1,3.1,6.9,2.25
228,Alfredo Figaro,28,MIL,NL,3,3,0.5,4.14,33,5,8,0,0,1,74,77,41,34,15,15,2,54,1,1,4,316,94,4.87,1.243,9.4,1.8,1.8,6.6,3.6
229,Pedro Figueroa,27,OAK,AL,0,0,,12,5,0,1,0,0,0,3,6,4,4,2,3,0,3,0,0,0,18,37,12.71,3,18,6,9,9,1
230,Doug Fister,29,DET,AL,14,9,0.609,3.67,33,32,0,1,0,0,208.2,229,91,85,14,44,2,159,16,0,7,881,113,3.26,1.308,9.9,0.6,1.9,6.9,3.61
231,Gavin Floyd,30,CHW,AL,0,4,0,5.18,5,5,0,0,0,0,24.1,27,15,14,4,12,1,25,0,0,1,110,82,4.61,1.603,10,1.5,4.4,9.2,2.08
232,Brian Flynn,23,MIA,NL,0,2,0,8.5,4,4,0,0,0,0,18,27,17,17,4,13,0,15,0,0,3,88,46,6.44,2.222,13.5,2,6.5,7.5,1.15
233,Wilmer Font,23,TEX,AL,0,0,,0,2,0,2,0,0,0,1.1,1,0,0,0,2,0,0,0,0,0,7,,7.55,2.25,6.8,0,13.5,0,0
234,Jeff Francis,32,COL,NL,3,5,0.375,6.27,23,12,4,0,0,0,70.1,89,54,49,12,24,2,63,1,0,5,324,71,4.54,1.607,11.4,1.5,3.1,8.1,2.63
235,Frank Francisco,33,NYM,NL,1,0,1,4.26,8,0,3,0,0,1,6.1,4,3,3,0,3,0,6,1,0,0,26,89,3.05,1.105,5.7,0,4.3,8.5,2
236,Jason Frasor,35,TEX,AL,4,3,0.571,2.57,61,0,11,0,0,0,49,36,15,14,4,20,3,48,0,0,2,200,161,3.37,1.143,6.6,0.7,3.7,8.8,2.4
237,Justin Freeman,26,CIN,NL,0,0,,18,1,0,0,0,0,0,1,2,2,2,1,0,0,0,0,0,0,5,30,16.05,2,18,9,0,0,
238,Sam Freeman,26,STL,NL,1,0,1,2.19,13,0,2,0,0,0,12.1,8,3,3,0,5,0,8,0,0,2,50,176,2.97,1.054,5.8,0,3.6,5.8,1.6
239,Ernesto Frieri,27,LAA,AL,2,4,0.333,3.8,67,0,51,0,0,37,68.2,55,29,29,11,30,1,98,3,0,1,292,99,3.72,1.238,7.2,1.4,3.9,12.8,3.27
240,Kyuji Fujikawa,32,CHC,NL,1,1,0.5,5.25,12,0,5,0,0,2,12,11,7,7,1,2,0,14,2,0,2,50,76,2.8,1.083,8.3,0.8,1.5,10.5,7
241,Sam Fuld,31,TBR,AL,0,0,,0,1,0,1,0,0,0,0.1,0,0,0,0,0,0,0,0,0,0,1,,3.05,0,0,0,0,0,
242,Charlie Furbush,27,SEA,AL,2,6,0.25,3.74,71,0,5,0,0,0,65,48,33,27,5,29,2,80,3,0,3,280,99,3.06,1.185,6.6,0.7,4,11.1,2.76
243,Yovani Gallardo,27,MIL,NL,12,10,0.545,4.18,31,31,0,0,0,0,180.2,180,92,84,18,66,1,144,3,0,5,773,92,3.89,1.362,9,0.9,3.3,7.2,2.18
244,Freddy Garcia,36,TOT,MLB,4,7,0.364,4.37,17,13,2,0,0,0,80.1,83,40,39,18,17,0,46,1,0,1,331,91,5.49,1.245,9.3,2,1.9,5.2,2.71
245,Freddy Garcia,36,BAL,AL,3,5,0.375,5.77,11,10,1,0,0,0,53,60,35,34,16,12,0,26,1,0,0,225,71,6.73,1.358,10.2,2.7,2,4.4,2.17
246,Freddy Garcia,36,ATL,NL,1,2,0.333,1.65,6,3,1,0,0,0,27.1,23,5,5,2,5,0,20,0,0,1,106,230,3.08,1.024,7.6,0.7,1.6,6.6,4
247,Jaime Garcia,26,STL,NL,5,2,0.714,3.58,9,9,0,0,0,0,55.1,57,26,22,6,15,0,43,0,0,3,234,105,3.72,1.301,9.3,1,2.4,7,2.87
248,Luis Garcia,26,PHI,NL,1,1,0.5,3.73,24,0,6,0,0,0,31.1,27,15,13,3,23,0,23,1,0,3,138,101,5.12,1.596,7.8,0.9,6.6,6.6,1
249,Onelki García,23,LAD,NL,0,0,,13.5,3,0,1,0,0,0,1.1,1,2,2,1,4,0,1,0,0,0,9,35,20.3,3.75,6.8,6.8,27,6.8,0.25
250,Jon Garland,33,COL,NL,4,6,0.4,5.82,12,12,0,0,0,0,68,85,45,44,9,23,3,32,2,0,4,303,77,4.93,1.588,11.3,1.2,3,4.2,1.39
251,Matt Garza,29,TOT,MLB,10,6,0.625,3.82,24,24,0,1,0,0,155.1,150,73,66,20,42,3,136,5,0,6,652,105,3.88,1.236,8.7,1.2,2.4,7.9,3.24
252,Matt Garza,29,CHC,NL,6,1,0.857,3.17,11,11,0,0,0,0,71,61,26,25,8,20,2,62,4,0,2,293,122,3.78,1.141,7.7,1,2.5,7.9,3.1
253,Matt Garza,29,TEX,AL,4,5,0.444,4.38,13,13,0,1,0,0,84.1,89,47,41,12,22,1,74,1,0,4,359,94,3.96,1.316,9.5,1.3,2.3,7.9,3.36
254,John Gast,24,STL,NL,2,0,1,5.11,3,3,0,0,0,0,12.1,11,7,7,1,5,0,8,0,0,0,52,76,4.02,1.297,8,0.7,3.6,5.8,1.6
255,Chad Gaudin,30,SFG,NL,5,2,0.714,3.06,30,12,4,0,0,0,97,81,34,33,6,40,3,88,2,1,5,406,113,3.34,1.247,7.5,0.6,3.7,8.2,2.2
256,Kevin Gausman,22,BAL,AL,3,5,0.375,5.66,20,5,3,0,0,0,47.2,51,30,30,8,13,2,49,0,0,4,201,72,3.99,1.343,9.6,1.5,2.5,9.3,3.77
257,Cory Gearrin,27,ATL,NL,2,1,0.667,3.77,37,0,12,0,0,1,31,30,13,13,2,16,2,23,4,0,3,133,100,4.34,1.484,8.7,0.6,4.6,6.7,1.44
258,Dillon Gee,27,NYM,NL,12,11,0.522,3.62,32,32,0,2,0,0,199,208,84,80,24,47,0,142,7,0,4,841,98,4,1.281,9.4,1.1,2.1,6.4,3.02
259,Justin Germano,30,TOR,AL,0,0,,9,1,0,1,0,0,0,2,6,2,2,1,0,0,1,0,0,0,12,54,8.55,3,27,4.5,0,4.5,
260,Gonzalez Germen,25,NYM,NL,1,2,0.333,3.93,29,0,8,0,0,1,34.1,32,15,15,1,16,1,33,0,0,2,149,91,2.9,1.398,8.4,0.3,4.2,8.7,2.06
261,Kyle Gibson,25,MIN,AL,2,4,0.333,6.53,10,10,0,0,0,0,51,69,38,37,7,20,0,29,5,0,4,238,63,5.17,1.745,12.2,1.2,3.5,5.1,1.45
262,Brandon Gomes,28,TBR,AL,3,1,0.75,6.52,26,0,9,0,0,0,19.1,18,15,14,4,7,3,29,0,0,1,83,60,3.82,1.293,8.4,1.9,3.3,13.5,4.14
263,Jeanmar Gomez,25,PIT,NL,3,0,1,3.35,34,8,6,0,0,0,80.2,65,35,30,6,28,3,53,3,0,6,333,107,3.85,1.153,7.3,0.7,3.1,5.9,1.89
264,Alberto Gonzalez,30,NYY,AL,0,0,,0,1,0,1,0,0,0,0.1,0,0,0,0,0,0,0,0,0,0,1,,3.05,0,0,0,0,0,
265,Edgar Gonzalez,30,TOT,AL,0,1,0,7.5,8,0,2,0,0,0,18,26,16,15,6,8,0,11,1,0,0,87,57,7.66,1.889,13,3,4,5.5,1.38
266,Edgar Gonzalez,30,TOR,AL,0,0,,7.88,3,0,1,0,0,0,8,9,7,7,2,5,0,3,1,0,0,38,55,7.8,1.75,10.1,2.3,5.6,3.4,0.6
267,Edgar Gonzalez,30,HOU,AL,0,1,0,7.2,5,0,1,0,0,0,10,17,9,8,4,3,0,8,0,0,0,49,58,7.55,2,15.3,3.6,2.7,7.2,2.67
268,Gio Gonzalez,27,WSN,NL,11,8,0.579,3.36,32,32,0,1,1,0,195.2,169,79,73,17,76,1,192,2,1,4,819,113,3.41,1.252,7.8,0.8,3.5,8.8,2.53
269,Miguel Gonzalez,29,BAL,AL,11,8,0.579,3.78,30,28,1,0,0,0,171.1,157,81,72,24,53,3,120,3,0,4,712,108,4.45,1.226,8.2,1.3,2.8,6.3,2.26
270,Mike Gonzalez,35,MIL,NL,0,3,0,4.68,75,0,11,0,0,0,50,58,28,26,10,25,2,60,2,0,4,235,83,4.87,1.66,10.4,1.8,4.5,10.8,2.4
271,Tom Gorzelanny,30,MIL,NL,3,6,0.333,3.9,43,10,4,0,0,0,85.1,77,41,37,11,31,1,83,2,0,2,356,99,3.94,1.266,8.1,1.2,3.3,8.8,2.68
272,Sonny Gray,23,OAK,AL,5,3,0.625,2.67,12,10,0,0,0,0,64,51,22,19,4,20,0,67,0,1,2,261,146,2.7,1.109,7.2,0.6,2.8,9.4,3.35
273,Luke Gregerson,29,SDP,NL,6,8,0.429,2.71,73,0,17,0,0,4,66.1,49,24,20,3,18,2,64,4,0,1,268,126,2.7,1.01,6.6,0.4,2.4,8.7,3.56
274,Kevin Gregg,35,CHC,NL,2,6,0.25,3.48,62,0,52,0,0,33,62,53,26,24,6,32,2,56,1,0,1,269,111,4.1,1.371,7.7,0.9,4.6,8.1,1.75
275,Zack Greinke,29,LAD,NL,15,4,0.789,2.63,28,28,0,1,1,0,177.2,152,54,52,13,46,1,148,7,0,5,717,135,3.23,1.114,7.7,0.7,2.3,7.5,3.22
276,A.J. Griffin,25,OAK,AL,14,10,0.583,3.83,32,32,0,1,1,0,200,171,91,85,36,54,2,171,4,0,7,823,101,4.55,1.125,7.7,1.6,2.4,7.7,3.17
277,Jason Grilli,36,PIT,NL,0,2,0,2.7,54,0,41,0,0,33,50,40,15,15,4,13,0,74,1,0,1,202,133,1.97,1.06,7.2,0.7,2.3,13.3,5.69
278,Justin Grimm,24,TOT,MLB,7,9,0.438,5.97,27,17,3,0,0,0,98,120,70,65,15,34,1,76,2,0,4,442,69,4.59,1.571,11,1.4,3.1,7,2.24
279,Justin Grimm,24,TEX,AL,7,7,0.5,6.37,17,17,0,0,0,0,89,116,67,63,15,31,1,68,1,0,4,406,65,4.79,1.652,11.7,1.5,3.1,6.9,2.19
280,Justin Grimm,24,CHC,NL,0,2,0,2,10,0,3,0,0,0,9,4,3,2,0,3,0,8,1,0,0,36,201,2.6,0.778,4,0,3,8,2.67
281,Javy Guerra,27,LAD,NL,0,0,,6.75,9,0,5,0,0,0,10.2,15,9,8,1,6,0,12,1,0,0,55,55,3.99,1.969,12.7,0.8,5.1,10.1,2
282,Matt Guerrier,34,TOT,NL,4,4,0.5,4.01,49,0,7,0,0,0,42.2,43,22,19,3,17,2,30,1,0,0,181,93,3.82,1.406,9.1,0.6,3.6,6.3,1.76
283,Matt Guerrier,34,LAD,NL,2,3,0.4,4.8,34,0,5,0,0,0,30,32,18,16,3,12,2,21,1,0,0,130,75,4.25,1.467,9.6,0.9,3.6,6.3,1.75
284,Matt Guerrier,34,CHC,NL,2,1,0.667,2.13,15,0,2,0,0,0,12.2,11,4,3,0,5,0,9,0,0,0,51,186,2.81,1.263,7.8,0,3.6,6.4,1.8
285,Preston Guilmet,25,CLE,AL,0,0,,10.13,4,0,1,0,0,0,5.1,8,6,6,0,3,0,1,0,0,0,28,40,4.36,2.063,13.5,0,5.1,1.7,0.33
286,Jeremy Guthrie,34,KCR,AL,15,12,0.556,4.04,33,33,0,3,2,0,211.2,236,99,95,30,59,1,111,8,0,7,905,102,4.79,1.394,10,1.3,2.5,4.7,1.88
287,J.C. Gutierrez,29,TOT,AL,1,5,0.167,4.23,53,0,17,0,0,0,55.1,56,29,26,5,20,2,45,1,0,3,236,95,3.73,1.373,9.1,0.8,3.3,7.3,2.25
288,J.C. Gutierrez,29,KCR,AL,0,1,0,3.38,25,0,13,0,0,0,29.1,30,13,11,2,8,1,17,1,0,1,120,123,3.7,1.295,9.2,0.6,2.5,5.2,2.13
289,J.C. Gutierrez,29,LAA,AL,1,4,0.2,5.19,28,0,4,0,0,0,26,26,16,15,3,12,1,28,0,0,2,116,73,3.78,1.462,9,1,4.2,9.7,2.33
290,Nick Hagadone,27,CLE,AL,0,1,0,5.46,36,0,1,0,0,0,31.1,24,21,19,4,21,1,30,0,0,3,133,70,4.8,1.436,6.9,1.1,6,8.6,1.43
291,David Hale,25,ATL,NL,1,0,1,0.82,2,2,0,0,0,0,11,11,1,1,0,1,0,14,0,0,0,46,474,0.78,1.091,9,0,0.8,11.5,14
292,Roy Halladay,36,PHI,NL,4,5,0.444,6.82,13,13,0,1,0,0,62,55,48,47,12,36,1,51,10,0,4,282,55,6.14,1.468,8,1.7,5.2,7.4,1.42
293,Cole Hamels,29,PHI,NL,8,14,0.364,3.6,33,33,0,1,0,0,220,205,94,88,21,50,5,202,9,0,4,905,104,3.26,1.159,8.4,0.9,2,8.3,4.04
294,Jason Hammel,30,BAL,AL,7,8,0.467,4.97,26,23,1,0,0,1,139.1,155,81,77,22,48,1,96,8,0,1,611,82,4.93,1.457,10,1.4,3.1,6.2,2
295,Brad Hand,23,MIA,NL,1,1,0.5,3.05,7,2,2,0,0,0,20.2,13,7,7,2,8,0,15,0,0,1,82,129,4.02,1.016,5.7,0.9,3.5,6.5,1.88
296,Donovan Hand,27,MIL,NL,1,5,0.167,3.69,31,7,5,0,0,0,68.1,71,29,28,10,21,1,37,5,0,3,286,105,5.01,1.346,9.4,1.3,2.8,4.9,1.76
297,Joel Hanrahan,31,BOS,AL,0,1,0,9.82,9,0,6,0,0,4,7.1,10,8,8,4,6,0,5,0,0,1,37,44,11.23,2.182,12.3,4.9,7.4,6.1,0.83
298,Tommy Hanson,26,LAA,AL,4,3,0.571,5.42,15,13,1,0,0,0,73,83,47,44,10,30,3,56,3,0,6,327,70,4.65,1.548,10.2,1.2,3.7,6.9,1.87
299,J.A. Happ,30,TOR,AL,5,7,0.417,4.56,18,18,0,0,0,0,92.2,91,53,47,10,45,0,77,2,0,5,415,90,4.31,1.468,8.8,1,4.4,7.5,1.71
300,Aaron Harang,35,TOT,MLB,5,12,0.294,5.4,26,26,0,2,2,0,143.1,153,91,86,26,40,1,113,6,0,4,626,68,4.79,1.347,9.6,1.6,2.5,7.1,2.83
301,Aaron Harang,35,SEA,AL,5,11,0.313,5.76,22,22,0,2,2,0,120.1,133,81,77,21,28,1,87,5,0,3,526,64,4.69,1.338,9.9,1.6,2.1,6.5,3.11
302,Aaron Harang,35,NYM,NL,0,1,0,3.52,4,4,0,0,0,0,23,20,10,9,5,12,0,26,1,0,1,100,103,5.31,1.391,7.8,2,4.7,10.2,2.17
303,Dan Haren,32,WSN,NL,10,14,0.417,4.67,31,30,1,0,0,1,169.2,179,92,88,28,31,0,151,7,1,8,717,81,4.09,1.238,9.5,1.5,1.6,8,4.87
304,Lucas Harrell,28,HOU,AL,6,17,0.261,5.86,36,22,8,0,0,0,153.2,174,111,100,20,88,5,89,6,0,8,707,69,5.42,1.705,10.2,1.2,5.2,5.2,1.01
305,Will Harris,28,ARI,NL,4,1,0.8,2.91,61,0,11,0,0,0,52.2,50,17,17,3,15,1,53,2,0,4,217,134,2.74,1.234,8.5,0.5,2.6,9.1,3.53
306,Josh Harrison,25,PIT,NL,0,0,,0,1,0,1,0,0,0,0.1,0,0,0,0,0,0,0,0,0,0,1,,3.05,0,0,0,0,0,
307,Matt Harrison,27,TEX,AL,0,2,0,8.44,2,2,0,0,0,0,10.2,14,11,10,2,7,2,12,0,0,0,51,50,5.2,1.969,11.8,1.7,5.9,10.1,1.71
308,Matt Harvey,24,NYM,NL,9,5,0.643,2.27,26,26,0,1,1,0,178.1,135,46,45,7,31,1,191,4,0,2,690,157,2.01,0.931,6.8,0.4,1.6,9.6,6.16
309,Chris Hatcher,28,MIA,NL,0,1,0,12.46,7,0,2,0,0,0,8.2,13,13,12,1,4,1,7,0,0,0,44,32,4.32,1.962,13.5,1,4.2,7.3,1.75
310,LaTroy Hawkins,40,NYM,NL,3,2,0.6,2.93,72,0,28,0,0,13,70.2,71,27,23,6,10,2,55,1,0,1,288,122,3.06,1.146,9,0.8,1.3,7,5.5
311,Deunte Heath,27,CHW,AL,0,0,,11.74,5,0,3,0,0,0,7.2,8,10,10,2,12,1,3,0,0,1,41,37,10.35,2.609,9.4,2.3,14.1,3.5,0.25
312,Jeremy Hefner,27,NYM,NL,4,8,0.333,4.34,24,23,1,0,0,0,130.2,132,75,63,20,37,4,99,5,0,1,556,82,4.49,1.293,9.1,1.4,2.5,6.8,2.68
313,Jeremy Hellickson,26,TBR,AL,12,10,0.545,5.17,32,31,1,0,0,0,174,185,103,100,24,50,0,135,4,2,7,737,74,4.22,1.351,9.6,1.2,2.6,7,2.7
314,Johnny Hellweg,24,MIL,NL,1,4,0.2,6.75,8,7,1,0,0,0,30.2,40,30,23,3,26,0,9,8,0,4,162,58,7.06,2.152,11.7,0.9,7.6,2.6,0.35
315,Heath Hembree,24,SFG,NL,0,0,,0,9,0,2,0,0,0,7.2,4,0,0,0,2,0,12,0,0,0,29,,0.7,0.783,4.7,0,2.3,14.1,6
316,Jim Henderson,30,MIL,NL,5,5,0.5,2.7,61,0,45,0,0,28,60,44,18,18,8,24,2,75,2,0,0,247,144,3.58,1.133,6.6,1.2,3.6,11.3,3.13
317,Liam Hendriks,24,MIN,AL,1,3,0.25,6.85,10,8,1,0,0,0,47.1,67,39,36,10,14,1,34,3,0,1,224,60,5.44,1.711,12.7,1.9,2.7,6.5,2.43
318,Sean Henn,32,NYM,NL,0,1,0,3.38,4,0,2,0,0,0,2.2,3,1,1,1,3,0,1,0,0,0,13,122,10.55,2.25,10.1,3.4,10.1,3.4,0.33
319,David Hernandez,28,ARI,NL,5,6,0.455,4.48,62,0,12,0,0,2,62.1,50,33,31,10,24,4,66,4,0,6,263,87,4.36,1.187,7.2,1.4,3.5,9.5,2.75
320,Felix Hernandez,27,SEA,AL,12,10,0.545,3.04,31,31,0,0,0,0,204.1,185,74,69,15,46,1,216,3,0,13,823,121,2.61,1.131,8.1,0.7,2,9.5,4.7
321,Pedro Hernandez,24,MIN,AL,3,3,0.5,6.83,14,12,1,0,0,0,56.2,80,43,43,10,23,1,29,0,1,1,263,60,5.54,1.818,12.7,1.6,3.7,4.6,1.26
322,Roberto Hernandez,32,TBR,AL,6,13,0.316,4.89,32,24,3,1,0,1,151,164,87,82,24,38,8,113,13,0,3,643,79,4.63,1.338,9.8,1.4,2.3,6.7,2.97
323,Kelvin Herrera,23,KCR,AL,5,7,0.417,3.86,59,0,16,0,0,2,58.1,48,27,25,9,21,2,74,2,0,5,245,107,3.7,1.183,7.4,1.4,3.2,11.4,3.52
324,Rich Hill,33,CLE,AL,1,2,0.333,6.28,63,0,3,0,0,0,38.2,38,30,27,3,29,6,51,2,1,6,182,61,3.82,1.733,8.8,0.7,6.8,11.9,1.76
325,Luke Hochevar,29,KCR,AL,5,2,0.714,1.92,58,0,22,0,0,2,70.1,41,15,15,8,17,1,82,1,0,2,262,215,2.96,0.825,5.2,1,2.2,10.5,4.82
326,Derek Holland,26,TEX,AL,10,9,0.526,3.42,33,33,0,2,2,0,213,210,90,81,20,64,0,189,3,1,9,894,120,3.44,1.286,8.9,0.8,2.7,8,2.95
327,Greg Holland,27,KCR,AL,2,1,0.667,1.21,68,0,61,0,0,47,67,40,11,9,3,18,1,103,0,0,2,255,342,1.36,0.866,5.4,0.4,2.4,13.8,5.72
328,David Holmberg,21,ARI,NL,0,0,,7.36,1,1,0,0,0,0,3.2,6,3,3,0,3,0,0,0,0,0,20,58,5.5,2.455,14.7,0,7.4,0,0
329,J.J. Hoover,25,CIN,NL,5,5,0.5,2.86,69,0,23,0,0,3,66,47,21,21,6,26,6,67,2,0,1,269,133,3.47,1.106,6.4,0.8,3.5,9.1,2.58
330,Jeremy Horst,27,PHI,NL,0,2,0,6.23,28,0,8,0,0,0,26,35,19,18,4,12,1,21,2,0,0,123,61,5.05,1.808,12.1,1.4,4.2,7.3,1.75
331,J.P. Howell,30,LAD,NL,4,1,0.8,2.03,67,0,6,0,0,0,62,42,14,14,2,23,3,54,1,0,3,246,176,2.89,1.048,6.1,0.3,3.3,7.8,2.35
332,Tim Hudson,37,ATL,NL,8,7,0.533,3.97,21,21,0,0,0,0,131.1,120,60,58,10,36,3,95,2,0,2,534,94,3.46,1.188,8.2,0.7,2.5,6.5,2.64
333,David Huff,28,TOT,AL,3,1,0.75,5.5,14,2,4,0,0,0,37.2,33,23,23,7,9,1,31,1,0,1,151,74,4.61,1.115,7.9,1.7,2.2,7.4,3.44
334,David Huff,28,CLE,AL,0,0,,15,3,0,1,0,0,0,3,7,5,5,0,1,0,5,0,0,0,15,29,0.71,2.667,21,0,3,15,5
335,David Huff,28,NYY,AL,3,1,0.75,4.67,11,2,3,0,0,0,34.2,26,18,18,7,8,1,26,1,0,1,136,86,4.95,0.981,6.8,1.8,2.1,6.8,3.25
336,Jared Hughes,27,PIT,NL,2,3,0.4,4.78,29,0,8,0,0,0,32,37,17,17,2,16,1,23,2,0,2,148,75,4.11,1.656,10.4,0.6,4.5,6.5,1.44
337,Phil Hughes,27,NYY,AL,4,14,0.222,5.19,30,29,0,0,0,0,145.2,170,91,84,24,42,4,121,5,0,6,642,77,4.5,1.455,10.5,1.5,2.6,7.5,2.88
338,Philip Humber,30,HOU,AL,0,8,0,7.9,17,7,2,0,0,0,54.2,75,48,48,9,20,1,36,1,1,5,259,51,5.02,1.738,12.3,1.5,3.3,5.9,1.8
339,Tommy Hunter,26,BAL,AL,6,5,0.545,2.81,68,0,20,0,0,4,86.1,71,28,27,11,14,1,68,2,0,0,336,145,3.69,0.985,7.4,1.1,1.5,7.1,4.86
340,Colt Hynes,28,SDP,NL,0,0,,9,22,0,6,0,0,0,17,25,17,17,3,9,2,13,1,0,1,84,39,5.58,2,13.2,1.6,4.8,6.9,1.44
341,Phil Irwin,26,PIT,NL,0,0,,7.71,1,1,0,0,0,0,4.2,6,5,4,0,4,0,4,0,0,0,23,50,3.91,2.143,11.6,0,7.7,7.7,1
342,Hisashi Iwakuma,32,SEA,AL,14,6,0.7,2.66,33,33,0,0,0,0,219.2,179,69,65,25,42,4,185,2,0,10,866,138,3.44,1.006,7.3,1,1.7,7.6,4.4
343,Edwin Jackson,29,CHC,NL,8,18,0.308,4.98,31,31,0,0,0,0,175.1,197,110,97,16,59,7,135,5,0,14,777,78,3.79,1.46,10.1,0.8,3,6.9,2.29
344,Kenley Jansen,25,LAD,NL,4,3,0.571,1.88,75,0,45,0,0,28,76.2,48,16,16,6,18,1,111,3,0,2,292,190,1.99,0.861,5.6,0.7,2.1,13,6.17
345,Casey Janssen,31,TOR,AL,4,1,0.8,2.56,56,0,44,0,0,34,52.2,39,17,15,3,13,1,50,2,0,0,210,162,2.74,0.987,6.7,0.5,2.2,8.5,3.85
346,Jeremy Jeffress,25,TOR,AL,1,0,1,0.87,10,0,3,0,0,0,10.1,8,1,1,1,5,0,12,0,0,0,43,489,3.44,1.258,7,0.9,4.4,10.5,2.4
347,Chad Jenkins,25,TOR,AL,1,0,1,2.7,10,3,0,0,0,0,33.1,31,13,10,3,6,2,15,1,0,0,132,154,3.95,1.11,8.4,0.8,1.6,4.1,2.5
348,Dan Jennings,26,MIA,NL,2,4,0.333,3.76,47,0,6,0,0,0,40.2,39,17,17,1,16,2,38,0,0,3,171,103,2.68,1.352,8.6,0.2,3.5,8.4,2.38
349,Kevin Jepsen,28,LAA,AL,1,3,0.25,4.5,45,0,7,0,0,0,36,41,21,18,3,14,4,36,1,0,2,164,84,3.38,1.528,10.3,0.8,3.5,9,2.57
350,Cesar Jimenez,28,PHI,NL,1,1,0.5,3.71,19,0,5,0,0,0,17,14,7,7,1,10,0,11,1,1,2,76,103,4.46,1.412,7.4,0.5,5.3,5.8,1.1
351,Ubaldo Jimenez,29,CLE,AL,13,9,0.591,3.3,32,32,0,0,0,0,182.2,163,75,67,16,80,0,194,3,0,8,777,115,3.43,1.33,8,0.8,3.9,9.6,2.43
352,Erik Johnson,23,CHW,AL,3,2,0.6,3.25,5,5,0,0,0,0,27.2,32,16,10,5,11,0,18,1,0,2,128,131,5.4,1.554,10.4,1.6,3.6,5.9,1.64
353,Jim Johnson,30,BAL,AL,3,8,0.273,2.94,74,0,63,0,0,50,70.1,72,26,23,5,18,4,56,7,0,2,291,139,3.45,1.28,9.2,0.6,2.3,7.2,3.11
354,Josh Johnson,29,TOR,AL,2,8,0.2,6.2,16,16,0,0,0,0,81.1,105,64,56,15,30,3,83,3,0,4,384,67,4.62,1.66,11.6,1.7,3.3,9.2,2.77
355,Kris Johnson,28,PIT,NL,0,2,0,6.1,4,1,2,0,0,0,10.1,12,7,7,0,4,1,9,1,0,2,46,61,2.76,1.548,10.5,0,3.5,7.8,2.25
356,Rob Johnson,30,STL,NL,0,0,,0,1,0,1,0,0,0,0.1,0,0,0,0,0,0,1,0,0,0,1,,-2.95,0,0,0,0,27,
357,Steve Johnson,25,BAL,AL,1,1,0.5,7.47,9,1,2,0,0,0,15.2,14,13,13,2,13,1,20,0,0,1,73,56,4.64,1.723,8,1.1,7.5,11.5,1.54
358,Nate Jones,27,CHW,AL,4,5,0.444,4.15,70,0,17,0,0,0,78,69,40,36,5,26,1,89,1,1,8,315,101,2.64,1.218,8,0.6,3,10.3,3.42
359,Taylor Jordan,24,WSN,NL,1,3,0.25,3.66,9,9,0,0,0,0,51.2,59,27,21,3,11,0,29,3,0,1,220,104,3.49,1.355,10.3,0.5,1.9,5.1,2.64
360,Donnie Joseph,25,KCR,AL,0,0,,0,6,0,2,0,0,0,5.2,4,0,0,0,4,0,7,0,0,0,25,,2.7,1.412,6.4,0,6.4,11.1,1.75
361,Jair Jurrjens,27,BAL,AL,0,0,,4.91,2,1,0,0,0,0,7.1,9,4,4,1,1,0,6,0,0,1,31,87,3.59,1.364,11,1.2,1.2,7.4,6
362,Nate Karns,25,WSN,NL,0,1,0,7.5,3,3,0,0,0,0,12,17,11,10,5,6,0,11,1,0,0,61,52,8.38,1.917,12.8,3.8,4.5,8.3,1.83
363,Scott Kazmir,29,CLE,AL,10,9,0.526,4.04,29,29,0,0,0,0,158,162,76,71,19,47,1,162,3,1,5,672,94,3.51,1.323,9.2,1.1,2.7,9.2,3.45
364,Shawn Kelley,29,NYY,AL,4,2,0.667,4.39,57,0,13,0,0,0,53.1,47,28,26,8,23,2,71,0,0,8,227,92,3.63,1.313,7.9,1.4,3.9,12,3.09
365,Joe Kelly,25,STL,NL,10,5,0.667,2.69,37,15,8,0,0,0,124,124,42,37,10,44,4,79,5,0,3,532,140,4.01,1.355,9,0.7,3.2,5.7,1.8
366,Kyle Kendrick,28,PHI,NL,10,13,0.435,4.7,30,30,0,2,1,0,182,207,104,95,18,47,4,110,7,1,3,800,80,4.02,1.396,10.2,0.9,2.3,5.4,2.34
367,Ian Kennedy,28,TOT,NL,7,10,0.412,4.91,31,31,0,0,0,0,181.1,180,108,99,27,73,1,163,12,1,10,794,76,4.59,1.395,8.9,1.3,3.6,8.1,2.23
368,Ian Kennedy,28,ARI,NL,3,8,0.273,5.23,21,21,0,0,0,0,124,128,79,72,18,48,1,108,10,0,9,549,74,4.6,1.419,9.3,1.3,3.5,7.8,2.25
369,Ian Kennedy,28,SDP,NL,4,2,0.667,4.24,10,10,0,0,0,0,57.1,52,29,27,9,25,0,55,2,1,1,245,81,4.58,1.343,8.2,1.4,3.9,8.6,2.2
370,Logan Kensing,30,COL,NL,0,0,,0,1,0,1,0,0,0,0.2,0,0,0,0,1,0,1,0,0,0,2,,4.55,1.5,0,0,13.5,13.5,1
371,Clayton Kershaw,25,LAD,NL,16,9,0.64,1.83,33,33,0,3,2,0,236,164,55,48,11,52,2,232,3,2,12,908,194,2.39,0.915,6.3,0.4,2,8.8,4.46
372,Dallas Keuchel,25,HOU,AL,6,10,0.375,5.15,31,22,2,0,0,0,153.2,184,96,88,20,52,3,123,5,0,7,682,78,4.25,1.536,10.8,1.2,3,7.2,2.37
373,Mike Kickham,24,SFG,NL,0,3,0,10.16,12,3,5,0,0,0,28.1,46,34,32,8,10,2,29,0,0,2,144,34,5.73,1.976,14.6,2.5,3.2,9.2,2.9
374,Craig Kimbrel,25,ATL,NL,4,3,0.571,1.21,68,0,60,0,0,50,67,39,10,9,4,20,2,98,3,0,3,258,311,1.93,0.881,5.2,0.5,2.7,13.2,4.9
375,Brandon Kintzler,28,MIL,NL,3,3,0.5,2.69,71,0,11,0,0,0,77,66,26,23,2,16,2,58,1,0,1,305,144,2.54,1.065,7.7,0.2,1.9,6.8,3.63
376,Michael Kirkman,26,TEX,AL,0,2,0,8.18,25,0,7,0,0,1,22,36,20,20,2,15,4,25,0,0,2,115,51,4,2.318,14.7,0.8,6.1,10.2,1.67
377,Corey Kluber,27,CLE,AL,11,5,0.688,3.85,26,24,1,0,0,0,147.1,153,67,63,15,33,0,136,5,0,1,608,99,3.3,1.262,9.3,0.9,2,8.3,4.12
378,Tom Koehler,27,MIA,NL,5,10,0.333,4.41,29,23,2,0,0,0,143,140,72,70,14,54,2,92,5,0,7,601,88,4.27,1.357,8.8,0.9,3.4,5.8,1.7
379,Michael Kohn,27,LAA,AL,1,4,0.2,3.74,63,0,13,0,0,0,53,42,22,22,7,28,3,52,3,0,4,231,101,4.56,1.321,7.1,1.2,4.8,8.8,1.86
380,George Kontos,28,SFG,NL,2,2,0.5,4.39,52,0,9,0,0,0,55.1,60,30,27,7,18,2,47,2,0,1,238,79,4.08,1.41,9.8,1.1,2.9,7.6,2.61
381,Ian Krol,22,WSN,NL,2,1,0.667,3.95,32,0,10,0,0,0,27.1,28,12,12,5,8,1,22,0,0,2,117,97,4.69,1.317,9.2,1.6,2.6,7.2,2.75
382,Hiroki Kuroda,38,NYY,AL,11,13,0.458,3.31,32,32,0,1,1,0,201.1,191,79,74,20,43,2,150,5,0,6,824,121,3.56,1.162,8.5,0.9,1.9,6.7,3.49
383,John Lackey,34,BOS,AL,10,13,0.435,3.52,29,29,0,2,0,0,189.1,179,80,74,26,40,0,161,6,0,4,778,117,3.86,1.157,8.5,1.2,1.9,7.7,4.03
384,Aaron Laffey,28,TOT,MLB,0,0,,7.11,5,3,1,0,0,0,12.2,18,10,10,1,10,0,9,2,0,0,64,55,5.5,2.211,12.8,0.7,7.1,6.4,0.9
385,Aaron Laffey,28,NYM,NL,0,0,,7.2,4,2,1,0,0,0,10,16,8,8,1,5,0,9,2,0,0,50,51,4.65,2.1,14.4,0.9,4.5,8.1,1.8
386,Aaron Laffey,28,TOR,AL,0,0,,6.75,1,1,0,0,0,0,2.2,2,2,2,0,5,0,0,0,0,0,14,69,8.67,2.625,6.8,0,16.9,0,0
387,Bobby LaFromboise,27,SEA,AL,0,1,0,5.91,10,0,4,0,0,0,10.2,12,8,7,0,4,1,11,0,0,0,47,65,2.11,1.5,10.1,0,3.4,9.3,2.75
388,Matt Langwell,27,TOT,MLB,1,0,1,5.14,13,0,5,0,0,0,14,13,8,8,2,7,0,12,1,0,0,62,79,4.91,1.429,8.4,1.3,4.5,7.7,1.71
389,Matt Langwell,27,CLE,AL,1,0,1,5.06,5,0,2,0,0,0,5.1,5,3,3,1,2,0,6,0,0,0,23,81,4.36,1.313,8.4,1.7,3.4,10.1,3
390,Matt Langwell,27,ARI,NL,0,0,,5.19,8,0,3,0,0,0,8.2,8,5,5,1,5,0,6,1,0,0,39,78,5.24,1.5,8.3,1,5.2,6.2,1.2
391,John Lannan,28,PHI,NL,3,6,0.333,5.33,14,14,0,0,0,0,74.1,86,48,44,6,27,1,38,5,0,2,332,71,4.37,1.52,10.4,0.7,3.3,4.6,1.41
392,Mat Latos,25,CIN,NL,14,7,0.667,3.16,32,32,0,1,0,0,210.2,197,82,74,14,58,5,187,10,0,8,881,120,3.1,1.21,8.4,0.6,2.5,8,3.22
393,Tommy Layne,28,SDP,NL,0,2,0,2.08,14,0,2,0,0,0,8.2,10,4,2,1,5,0,6,2,0,1,39,172,5.59,1.731,10.4,1,5.2,6.2,1.2
394,Brandon League,30,LAD,NL,6,4,0.6,5.3,58,0,35,0,0,14,54.1,69,37,32,8,15,1,28,3,0,9,249,68,4.93,1.546,11.4,1.3,2.5,4.6,1.87
395,Mike Leake,25,CIN,NL,14,7,0.667,3.37,31,31,0,0,0,0,192.1,193,78,72,21,48,4,122,6,0,2,801,112,4.04,1.253,9,1,2.2,5.7,2.54
396,Wade LeBlanc,28,TOT,MLB,1,5,0.167,5.4,17,7,1,0,0,0,55,72,40,33,7,20,3,33,3,0,0,259,73,4.76,1.673,11.8,1.1,3.3,5.4,1.65
397,Wade LeBlanc,28,MIA,NL,1,5,0.167,5.18,13,7,0,0,0,0,48.2,63,30,28,6,15,2,31,2,0,0,222,75,4.42,1.603,11.7,1.1,2.8,5.7,2.07
398,Wade LeBlanc,28,HOU,AL,0,0,,7.11,4,0,1,0,0,0,6.1,9,10,5,1,5,1,2,1,0,0,37,60,7.31,2.211,12.8,1.4,7.1,2.8,0.4
399,Sam LeCure,29,CIN,NL,2,1,0.667,2.66,63,0,15,0,0,1,61,50,18,18,4,24,0,66,1,0,0,251,143,2.97,1.213,7.4,0.6,3.5,9.7,2.75
400,C.C. Lee,26,CLE,AL,0,0,,4.15,8,0,1,0,0,0,4.1,4,3,2,0,3,0,4,1,0,0,22,100,3.97,1.615,8.3,0,6.2,8.3,1.33
401,Cliff Lee,34,PHI,NL,14,8,0.636,2.87,31,31,0,2,1,0,222.2,193,77,71,22,32,0,222,4,0,1,876,131,2.82,1.01,7.8,0.9,1.3,9,6.94
402,Charles Leesman,26,CHW,AL,0,0,,7.04,8,1,1,0,0,0,15.1,16,14,12,2,16,0,13,1,0,2,77,61,6.37,2.087,9.4,1.2,9.4,7.6,0.81
403,Chris Leroux,29,PIT,NL,0,0,,6.75,2,0,0,0,0,0,4,4,3,3,1,6,0,3,0,0,0,21,58,9.3,2.5,9,2.3,13.5,6.8,0.5
404,Jon Lester,29,BOS,AL,15,8,0.652,3.75,33,33,0,1,1,0,213.1,209,94,89,19,67,0,177,7,0,5,903,110,3.59,1.294,8.8,0.8,2.8,7.5,2.64
405,Ted Lilly,37,LAD,NL,0,2,0,5.09,5,5,0,0,0,0,23,27,16,13,4,10,0,18,1,0,0,109,71,5.18,1.609,10.6,1.6,3.9,7,1.8
406,Chang-Yong Lim,37,CHC,NL,0,0,,5.4,6,0,1,0,0,0,5,6,3,3,0,7,1,5,1,0,1,27,77,5.85,2.6,10.8,0,12.6,9,0.71
407,Tim Lincecum,29,SFG,NL,10,14,0.417,4.37,32,32,0,1,1,0,197.2,184,102,96,21,76,8,193,7,2,11,841,79,3.74,1.315,8.4,1,3.5,8.8,2.54
408,Brad Lincoln,28,TOR,AL,1,2,0.333,3.98,22,0,7,0,0,0,31.2,28,17,14,4,22,0,25,3,0,2,148,105,5.48,1.579,8,1.1,6.3,7.1,1.14
409,Josh Lindblom,26,TEX,AL,1,3,0.25,5.46,8,5,2,0,0,0,31.1,35,19,19,4,11,2,21,0,0,2,137,76,4.42,1.468,10.1,1.1,3.2,6,1.91
410,Matt Lindstrom,33,CHW,AL,2,4,0.333,3.12,76,0,12,0,0,0,60.2,64,23,21,2,23,1,46,1,0,6,260,135,3.15,1.434,9.5,0.3,3.4,6.8,2
411,Francisco Liriano,29,PIT,NL,16,8,0.667,3.02,26,26,0,2,0,0,161,134,54,54,9,63,0,163,0,2,7,666,118,2.92,1.224,7.5,0.5,3.5,9.1,2.59
412,Chia-Jen Lo,27,HOU,AL,0,3,0,4.19,19,0,11,0,0,2,19.1,14,9,9,2,13,0,16,0,0,1,84,98,4.75,1.397,6.5,0.9,6.1,7.4,1.23
413,Jeff Locke,25,PIT,NL,10,7,0.588,3.52,30,30,0,0,0,0,166.1,146,69,65,11,84,4,125,6,2,8,711,101,4.03,1.383,7.9,0.6,4.5,6.8,1.49
414,Kameron Loe,31,TOT,MLB,2,3,0.4,7.09,20,1,9,0,0,0,26.2,40,21,21,11,10,2,15,0,0,1,127,55,8.41,1.875,13.5,3.7,3.4,5.1,1.5
415,Kameron Loe,31,TOT,NL,1,2,0.333,5.85,16,1,8,0,0,0,20,29,13,13,5,9,2,12,0,0,1,96,67,6.45,1.9,13.1,2.3,4.1,5.4,1.33
416,Kameron Loe,31,SEA,AL,1,1,0.5,10.8,4,0,1,0,0,0,6.2,11,8,8,6,1,0,3,0,0,0,31,36,14.3,1.8,14.9,8.1,1.4,4.1,3
417,Kameron Loe,31,CHC,NL,0,0,,5.4,7,0,3,0,0,0,8.1,12,5,5,3,4,0,4,0,0,0,39,75,8.21,1.92,13,3.2,4.3,4.3,1
418,Kameron Loe,31,ATL,NL,1,2,0.333,6.17,9,1,5,0,0,0,11.2,17,8,8,2,5,2,8,0,0,1,57,63,5.19,1.886,13.1,1.5,3.9,6.2,1.6
419,Boone Logan,28,NYY,AL,5,2,0.714,3.23,61,0,9,0,0,0,39,33,15,14,7,13,4,50,0,0,3,159,125,3.82,1.179,7.6,1.6,3,11.5,3.85
420,Kyle Lohse,34,MIL,NL,11,10,0.524,3.35,32,32,0,2,1,0,198.2,196,78,74,26,36,1,125,3,0,1,806,115,4.08,1.168,8.9,1.2,1.6,5.7,3.47
421,Javier Lopez,35,SFG,NL,4,2,0.667,1.83,69,0,14,0,0,1,39.1,30,10,8,1,12,5,37,0,0,1,161,190,2.41,1.068,6.9,0.2,2.7,8.5,3.08
422,Wilton Lopez,29,COL,NL,3,4,0.429,4.06,75,0,28,0,0,0,75.1,88,35,34,6,18,4,48,1,3,0,321,110,3.57,1.407,10.5,0.7,2.2,5.7,2.67
423,Aaron Loup,25,TOR,AL,4,6,0.4,2.47,64,0,12,0,0,2,69.1,66,23,19,5,13,4,53,7,0,2,282,168,3.32,1.139,8.6,0.6,1.7,6.9,4.08
424,Derek Lowe,40,TEX,AL,1,0,1,9,9,0,2,0,0,0,13,16,13,13,3,3,0,8,2,0,0,57,47,5.97,1.462,11.1,2.1,2.1,5.5,2.67
425,Mark Lowe,30,LAA,AL,1,0,1,9.26,11,0,2,0,0,0,11.2,11,12,12,1,11,1,7,0,0,2,56,42,5.79,1.886,8.5,0.8,8.5,5.4,0.64
426,Josh Lueke,28,TBR,AL,0,2,0,5.06,19,0,6,0,0,0,21.1,23,12,12,3,12,1,25,1,0,3,99,77,4.36,1.641,9.7,1.3,5.1,10.5,2.08
427,Lucas Luetge,26,SEA,AL,1,3,0.25,4.86,35,0,15,0,0,0,37,42,22,20,2,16,2,27,2,0,4,165,76,3.75,1.568,10.2,0.5,3.9,6.6,1.69
428,Jordan Lyles,22,HOU,AL,7,9,0.438,5.59,27,25,1,0,0,1,141.2,165,98,88,17,49,1,93,11,2,5,642,72,4.57,1.511,10.5,1.1,3.1,5.9,1.9
429,Lance Lynn,26,STL,NL,15,10,0.6,3.97,33,33,0,0,0,0,201.2,189,92,89,14,76,0,198,11,0,6,856,94,3.28,1.314,8.4,0.6,3.4,8.8,2.61
430,Brandon Lyon,33,NYM,NL,2,2,0.5,4.98,37,0,7,0,0,0,34.1,43,20,19,3,13,3,23,0,0,1,153,72,3.98,1.631,11.3,0.8,3.4,6,1.77
431,Tyler Lyons,25,STL,NL,2,4,0.333,4.75,12,8,1,0,0,0,53,49,29,28,5,16,0,43,3,0,0,223,79,3.73,1.226,8.3,0.8,2.7,7.3,2.69
432,Jean Machi,31,SFG,NL,3,1,0.75,2.38,51,0,9,0,0,0,53,46,15,14,2,12,3,51,0,0,2,211,146,2.29,1.094,7.8,0.3,2,8.7,4.25
433,Matt Magill,23,LAD,NL,0,2,0,6.51,6,6,0,0,0,0,27.2,27,25,20,6,28,1,26,1,0,1,137,55,7.13,1.988,8.8,2,9.1,8.5,0.93
434,Paul Maholm,31,ATL,NL,10,11,0.476,4.41,26,26,0,0,0,0,153,169,82,75,17,47,3,105,10,0,3,670,85,4.24,1.412,9.9,1,2.8,6.2,2.23
435,John Maine,32,MIA,NL,0,0,,12.27,4,0,2,0,0,0,7.1,15,10,10,2,5,1,7,0,0,1,40,33,6.73,2.727,18.4,2.5,6.1,8.6,1.4
436,Seth Maness,24,STL,NL,5,2,0.714,2.32,66,0,4,0,0,1,62,65,17,16,4,13,7,35,1,0,2,249,162,3.44,1.258,9.4,0.6,1.9,5.1,2.69
437,Jeff Manship,28,COL,NL,0,5,0,7.04,11,4,3,0,0,0,30.2,37,25,24,6,12,1,18,0,0,0,139,64,5.59,1.598,10.9,1.8,3.5,5.3,1.5
438,Shaun Marcum,31,NYM,NL,1,10,0.091,5.29,14,12,2,0,0,0,78.1,85,48,46,7,21,2,60,4,0,2,334,68,3.64,1.353,9.8,0.8,2.4,6.9,2.86
439,Carlos Marmol,30,TOT,NL,2,4,0.333,4.41,52,0,17,0,0,2,49,40,26,24,7,40,3,59,4,1,5,225,86,5.19,1.633,7.3,1.3,7.3,10.8,1.48
440,Carlos Marmol,30,CHC,NL,2,4,0.333,5.86,31,0,9,0,0,2,27.2,26,19,18,6,21,1,32,3,0,2,129,67,6.16,1.699,8.5,2,6.8,10.4,1.52
441,Carlos Marmol,30,LAD,NL,0,0,,2.53,21,0,8,0,0,0,21.1,14,7,6,1,19,2,27,1,1,3,96,143,3.94,1.547,5.9,0.4,8,11.4,1.42
442,Nick Maronde,23,LAA,AL,0,0,,6.75,10,0,2,0,0,0,5.1,4,6,4,1,8,1,5,0,0,1,28,60,8.11,2.25,6.8,1.7,13.5,8.4,0.63
443,Jason Marquis,34,SDP,NL,9,5,0.643,4.05,20,20,0,0,0,0,117.2,111,61,53,18,68,2,72,4,0,2,518,84,5.65,1.521,8.5,1.4,5.2,5.5,1.06
444,Brett Marshall,23,NYY,AL,0,0,,4.5,3,0,1,0,0,0,12,13,6,6,3,7,0,7,1,0,2,54,92,7.13,1.667,9.8,2.3,5.3,5.3,1
445,Sean Marshall,30,CIN,NL,0,1,0,1.74,16,0,3,0,0,0,10.1,4,3,2,0,2,0,10,1,0,2,37,225,1.98,0.581,3.5,0,1.7,8.7,5
446,Victor Marte,32,STL,NL,0,1,0,6,4,0,1,0,0,0,3,4,2,2,0,3,1,2,1,0,0,17,71,5.71,2.333,12,0,9,6,0.67
447,Ethan Martin,24,PHI,NL,2,5,0.286,6.08,15,8,2,0,0,0,40,42,27,27,9,26,2,47,1,1,1,190,62,5.65,1.7,9.5,2,5.9,10.6,1.81
448,Carlos Martinez,21,STL,NL,2,1,0.667,5.08,21,1,5,0,0,1,28.1,31,16,16,1,9,1,24,3,0,0,124,75,3.08,1.412,9.8,0.3,2.9,7.6,2.67
449,Cristhian Martinez,31,ATL,NL,0,0,,7.71,2,0,0,0,0,0,2.1,5,2,2,0,0,0,0,0,0,0,12,57,3.05,2.143,19.3,0,0,0,
450,David Martinez,25,HOU,AL,1,0,1,7.15,4,0,1,0,0,0,11.1,16,11,9,1,3,0,6,0,1,1,52,58,3.93,1.676,12.7,0.8,2.4,4.8,2
451,Joe Martinez,30,CLE,AL,1,0,1,1.8,2,0,1,0,0,0,5,4,1,1,0,0,0,3,0,0,0,19,228,1.85,0.8,7.2,0,0,5.4,
452,Shairon Martis,26,MIN,AL,0,1,0,5.59,6,0,1,0,0,0,9.2,6,6,6,3,4,0,7,0,0,0,39,76,6.88,1.034,5.6,2.8,3.7,6.5,1.75
453,Justin Masterson,28,CLE,AL,14,10,0.583,3.45,32,29,2,3,3,0,193,156,75,74,13,76,0,195,17,0,8,803,110,3.35,1.202,7.3,0.6,3.5,9.1,2.57
454,Daisuke Matsuzaka,32,NYM,NL,3,3,0.5,4.42,7,7,0,0,0,0,38.2,32,21,19,4,16,0,33,5,0,0,166,81,4.32,1.241,7.4,0.9,3.7,7.7,2.06
455,Ryan Mattheus,29,WSN,NL,0,2,0,6.37,37,0,13,0,0,0,35.1,52,26,25,1,15,0,22,0,1,4,166,60,3.44,1.896,13.2,0.3,3.8,5.6,1.47
456,Brian Matusz,26,BAL,AL,2,1,0.667,3.53,65,0,9,0,0,0,51,43,21,20,3,16,2,50,2,0,0,208,116,2.91,1.157,7.6,0.5,2.8,8.8,3.13
457,Brandon Maurer,22,SEA,AL,5,8,0.385,6.3,22,14,3,0,0,0,90,114,66,63,16,27,0,70,6,0,9,402,59,4.9,1.567,11.4,1.6,2.7,7,2.59
458,Yunesky Maya,31,WSN,NL,0,1,0,54,1,0,1,0,0,0,0.1,2,2,2,1,0,0,0,0,0,0,3,16,42.05,6,54,27,0,0,
459,Vin Mazzaro,26,PIT,NL,8,2,0.8,2.81,57,0,17,0,0,1,73.2,68,23,23,3,21,3,46,3,1,5,304,127,3.31,1.208,8.3,0.4,2.6,5.6,2.19
460,Zach McAllister,25,CLE,AL,9,9,0.5,3.75,24,24,0,0,0,0,134.1,134,65,56,13,49,2,101,6,1,7,579,101,4.03,1.362,9,0.9,3.3,6.8,2.06
461,Brandon McCarthy,29,ARI,NL,5,11,0.313,4.53,22,22,0,2,1,0,135,161,71,68,13,21,3,76,5,1,1,577,85,3.75,1.348,10.7,0.9,1.4,5.1,3.62
462,Kyle McClellan,29,TEX,AL,0,1,0,7.71,7,0,4,0,0,0,9.1,7,8,8,2,5,0,3,1,0,1,40,55,7.12,1.286,6.8,1.9,4.8,2.9,0.6
463,James McDonald,28,PIT,NL,2,2,0.5,5.76,6,6,0,0,0,0,29.2,29,24,19,1,20,1,25,3,0,2,138,63,4.13,1.652,8.8,0.3,6.1,7.6,1.25
464,John McDonald,38,TOT,NL,0,0,,0,1,0,1,0,0,0,0.1,2,0,0,0,0,0,1,0,0,0,3,,-2.95,6,54,0,0,27,
465,John McDonald,38,PHI,NL,0,0,,0,1,0,1,0,0,0,0.1,2,0,0,0,0,0,1,0,0,0,3,,-2.95,6,54,0,0,27,
466,T.J. McFarland,24,BAL,AL,4,1,0.8,4.22,38,1,8,0,0,0,74.2,83,37,35,7,28,5,58,0,0,2,331,97,3.84,1.487,10,0.8,3.4,7,2.07
467,Jake McGee,26,TBR,AL,5,3,0.625,4.02,71,0,6,0,0,1,62.2,52,28,28,8,22,5,75,1,0,4,260,96,3.42,1.181,7.5,1.1,3.2,10.8,3.41
468,Dustin McGowan,31,TOR,AL,0,0,,2.45,25,0,8,0,0,0,25.2,19,11,7,2,12,1,26,2,0,3,114,170,3.67,1.208,6.7,0.7,4.2,9.1,2.17
469,Collin McHugh,26,TOT,NL,0,4,0,10.04,7,5,2,0,0,0,26,45,29,29,6,5,0,11,0,0,0,125,43,5.78,1.923,15.6,2.1,1.7,3.8,2.2
470,Collin McHugh,26,NYM,NL,0,1,0,10.29,3,1,2,0,0,0,7,12,8,8,2,3,0,3,0,0,0,34,37,7.19,2.143,15.4,2.6,3.9,3.9,1
471,Collin McHugh,26,COL,NL,0,3,0,9.95,4,4,0,0,0,0,19,33,21,21,4,2,0,8,0,0,0,91,46,5.26,1.842,15.6,1.9,0.9,3.8,4
472,Yoervis Medina,24,SEA,AL,4,6,0.4,2.91,63,0,19,0,0,1,68,49,22,22,5,40,7,71,4,0,8,291,127,3.86,1.309,6.5,0.7,5.3,9.4,1.78
473,Kris Medlen,27,ATL,NL,15,12,0.556,3.11,32,31,1,0,0,0,197,194,77,68,18,47,1,157,8,0,2,820,121,3.48,1.223,8.9,0.8,2.1,7.2,3.34
474,Jenrry Mejia,23,NYM,NL,1,2,0.333,2.3,5,5,0,0,0,0,27.1,28,9,7,2,4,0,27,0,0,1,112,157,2.46,1.171,9.2,0.7,1.3,8.9,6.75
475,Mark Melancon,28,PIT,NL,3,2,0.6,1.39,72,0,24,0,0,16,71,60,15,11,1,8,0,70,1,0,6,279,256,1.64,0.958,7.6,0.1,1,8.9,8.75
476,Luis Mendoza,29,KCR,AL,2,6,0.25,5.36,22,15,4,0,0,0,94,106,60,56,10,43,0,54,3,1,10,419,77,4.75,1.585,10.1,1,4.1,5.2,1.26
477,Jose Mijares,28,SFG,NL,0,3,0,4.22,60,0,14,0,0,0,49,67,24,23,3,20,4,54,3,0,3,236,82,3.05,1.776,12.3,0.6,3.7,9.9,2.7
478,Miles Mikolas,24,SDP,NL,0,0,,0,2,0,1,0,0,0,1.2,0,0,0,0,1,0,1,1,0,0,7,,5.45,0.6,0,0,5.4,5.4,1
479,Wade Miley,26,ARI,NL,10,10,0.5,3.55,33,33,0,0,0,0,202.2,201,88,80,21,66,4,147,4,0,13,847,109,3.98,1.317,8.9,0.9,2.9,6.5,2.23
480,Andrew Miller,28,BOS,AL,1,2,0.333,2.64,37,0,11,0,0,0,30.2,25,12,9,3,17,0,48,2,0,2,135,158,3.05,1.37,7.3,0.9,5,14.1,2.82
481,Jim Miller,31,NYY,AL,0,0,,20.25,1,0,0,0,0,0,1.1,3,3,3,1,1,0,0,0,0,0,8,25,15.05,3,20.3,6.8,6.8,0,0
482,Shelby Miller,22,STL,NL,15,9,0.625,3.06,31,31,0,1,1,0,173.1,152,65,59,20,57,0,169,5,0,2,722,122,3.67,1.206,7.9,1,3,8.8,2.96
483,Tommy Milone,26,OAK,AL,12,9,0.571,4.14,28,26,0,1,0,0,156.1,160,83,72,25,39,2,126,2,0,1,667,94,4.3,1.273,9.2,1.4,2.2,7.3,3.23
484,Zach Miner,31,PHI,NL,0,2,0,4.4,16,3,0,0,0,0,28.2,33,14,14,4,17,1,20,2,0,1,133,86,5.45,1.744,10.4,1.3,5.3,6.3,1.18
485,Mike Minor,25,ATL,NL,13,9,0.591,3.21,32,32,0,1,0,0,204.2,177,79,73,22,46,2,181,1,0,5,820,117,3.37,1.09,7.8,1,2,8,3.93
486,Matt Moore,24,TBR,AL,17,4,0.81,3.29,27,27,0,1,1,0,150.1,119,58,55,14,76,1,143,4,1,17,642,117,3.95,1.297,7.1,0.8,4.5,8.6,1.88
487,Franklin Morales,27,BOS,AL,2,2,0.5,4.62,20,1,3,0,0,0,25.1,24,13,13,2,15,2,21,3,0,3,112,90,4.55,1.539,8.5,0.7,5.3,7.5,1.4
488,Bryan Morris,26,PIT,NL,5,7,0.417,3.46,55,0,21,0,0,0,65,57,25,25,8,28,5,37,2,0,6,270,103,4.89,1.308,7.9,1.1,3.9,5.1,1.32
489,Brandon Morrow,28,TOR,AL,2,3,0.4,5.63,10,10,0,0,0,0,54.1,63,39,34,12,18,1,42,1,0,1,242,74,5.42,1.491,10.4,2,3,7,2.33
490,Clayton Mortensen,28,BOS,AL,1,2,0.333,5.34,24,0,7,0,0,0,30.1,32,19,18,3,16,1,21,3,0,1,141,78,4.83,1.582,9.5,0.9,4.7,6.2,1.31
491,Charlie Morton,29,PIT,NL,7,4,0.636,3.26,20,20,0,0,0,0,116,113,51,42,6,36,1,85,16,0,5,493,109,3.6,1.284,8.8,0.5,2.8,6.6,2.36
492,Guillermo Moscoso,29,SFG,NL,2,2,0.5,5.1,13,2,0,0,0,0,30,20,17,17,5,21,3,31,3,0,5,128,68,5.55,1.367,6,1.5,6.3,9.3,1.48
493,Peter Moylan,34,LAD,NL,1,0,1,6.46,14,0,7,0,0,0,15.1,23,11,11,3,7,1,6,0,0,0,70,57,6.18,1.957,13.5,1.8,4.1,3.5,0.86
494,Edward Mujica,29,STL,NL,2,1,0.667,2.78,65,0,49,0,0,37,64.2,60,20,20,9,5,1,46,1,1,0,255,135,3.71,1.005,8.4,1.3,0.7,6.4,9.2
495,David Murphy,31,TEX,AL,0,0,,0,1,0,1,0,0,0,1,1,0,0,0,0,0,1,0,0,0,4,,1.05,1,9,0,0,9,
496,Brett Myers,32,CLE,AL,0,3,0,8.02,4,3,1,0,0,0,21.1,29,19,19,10,5,0,12,0,0,0,97,48,8.72,1.594,12.2,4.2,2.1,5.1,2.4
497,Chris Narveson,31,MIL,NL,0,0,,0,2,0,1,0,0,0,2,1,0,0,0,1,0,0,0,0,1,8,,4.55,1,4.5,0,4.5,0,0
498,Joe Nathan,38,TEX,AL,6,2,0.75,1.39,67,0,61,0,0,43,64.2,36,10,10,2,22,3,73,1,0,4,250,297,2.26,0.897,5,0.3,3.1,10.2,3.32
499,Jimmy Nelson,24,MIL,NL,0,0,,0.9,4,1,0,0,0,0,10,2,1,1,0,5,0,8,0,0,1,37,445,2.95,0.7,1.8,0,4.5,7.2,1.6
500,Pat Neshek,32,OAK,AL,2,1,0.667,3.35,45,0,17,0,0,0,40.1,40,17,15,6,15,2,29,0,0,1,177,117,4.66,1.364,8.9,1.3,3.3,6.5,1.93
501,Juan Nicasio,26,COL,NL,9,9,0.5,5.14,31,31,0,0,0,0,157.2,168,97,90,17,64,7,119,5,2,6,703,87,4.25,1.471,9.6,1,3.7,6.8,1.86
502,Jon Niese,26,NYM,NL,8,8,0.5,3.71,24,24,0,1,1,0,143,158,68,59,10,48,1,105,4,0,5,621,96,3.58,1.441,9.9,0.6,3,6.6,2.19
503,Hector Noesi,26,SEA,AL,0,1,0,6.59,12,1,4,0,0,0,27.1,42,21,20,3,12,4,21,1,0,2,134,57,4.37,1.976,13.8,1,4,6.9,1.75
504,Ricky Nolasco,30,TOT,NL,13,11,0.542,3.7,34,33,0,0,0,0,199.1,195,90,82,17,46,1,165,10,0,5,834,101,3.34,1.209,8.8,0.8,2.1,7.4,3.59
505,Ricky Nolasco,30,MIA,NL,5,8,0.385,3.85,18,18,0,0,0,0,112.1,112,50,48,11,25,1,90,4,0,4,468,100,3.49,1.22,9,0.9,2,7.2,3.6
506,Ricky Nolasco,30,LAD,NL,8,3,0.727,3.52,16,15,0,0,0,0,87,83,40,34,6,21,0,75,6,0,1,366,101,3.15,1.195,8.6,0.6,2.2,7.8,3.57
507,Sean Nolin,23,TOR,AL,0,1,0,40.5,1,1,0,0,0,0,1.1,7,6,6,1,1,0,0,0,0,0,11,13,15.05,6,47.3,6.8,6.8,0,0
508,Bud Norris,28,TOT,AL,10,12,0.455,4.18,32,30,2,0,0,0,176.2,196,89,82,17,67,0,147,5,0,4,773,97,3.86,1.489,10,0.9,3.4,7.5,2.19
509,Bud Norris,28,HOU,AL,6,9,0.4,3.93,21,21,0,0,0,0,126,135,62,55,11,43,0,90,4,0,3,541,103,3.87,1.413,9.6,0.8,3.1,6.4,2.09
510,Bud Norris,28,BAL,AL,4,3,0.571,4.8,11,9,2,0,0,0,50.2,61,27,27,6,24,0,57,1,0,1,232,86,3.82,1.678,10.8,1.1,4.3,10.1,2.38
511,Ivan Nova,26,NYY,AL,9,6,0.6,3.1,23,20,2,3,2,0,139.1,135,49,48,9,44,3,116,14,0,3,586,129,3.47,1.285,8.7,0.6,2.8,7.5,2.64
512,Vidal Nuno III,25,NYY,AL,1,2,0.333,2.25,5,3,2,0,0,0,20,16,5,5,2,6,0,9,1,0,0,82,181,4.5,1.1,7.2,0.9,2.7,4.1,1.5
513,Darren O'Day,30,BAL,AL,5,3,0.625,2.18,68,0,18,0,0,2,62,47,16,15,7,15,1,59,5,0,1,247,188,3.58,1,6.8,1,2.2,8.6,3.93
514,Eric O'Flaherty,28,ATL,NL,3,0,1,2.5,19,0,2,0,0,0,18,12,5,5,2,5,1,11,0,0,0,70,153,4.1,0.944,6,1,2.5,5.5,2.2
515,Sean O'Sullivan,25,SDP,NL,0,2,0,3.96,7,3,2,0,0,0,25,31,12,11,0,14,1,12,1,0,0,118,87,3.89,1.8,11.2,0,5,4.3,0.86
516,Brett Oberholtzer,23,HOU,AL,4,5,0.444,2.76,13,10,1,2,1,0,71.2,66,26,22,7,13,0,45,1,0,0,293,147,3.65,1.102,8.3,0.9,1.6,5.7,3.46
517,Jake Odorizzi,23,TBR,AL,0,1,0,3.94,7,4,2,0,0,1,29.2,28,13,13,3,8,0,22,2,0,1,122,99,3.89,1.213,8.5,0.9,2.4,6.7,2.75
518,Alexi Ogando,29,TEX,AL,7,4,0.636,3.11,23,18,0,0,0,0,104.1,87,38,36,11,41,1,72,5,1,6,428,133,4.36,1.227,7.5,0.9,3.5,6.2,1.76
519,Ross Ohlendorf,30,WSN,NL,4,1,0.8,3.28,16,7,1,0,0,0,60.1,56,22,22,8,14,1,45,1,0,1,247,116,4.03,1.16,8.4,1.2,2.1,6.7,3.21
520,Hideki Okajima,37,OAK,AL,0,0,,2.25,5,0,0,0,0,0,4,7,1,1,1,2,2,1,0,0,1,21,189,7.3,2.25,15.8,2.3,4.5,2.3,0.5
521,Darren Oliver,42,TOR,AL,3,4,0.429,3.86,50,0,21,0,0,0,49,47,24,21,6,15,1,40,2,1,0,204,107,4.05,1.265,8.6,1.1,2.8,7.3,2.67
522,Edgar Olmos,23,MIA,NL,0,1,0,7.2,5,0,2,0,0,0,5,7,9,4,2,3,1,2,0,0,0,24,58,9.25,2,12.6,3.6,5.4,3.6,0.67
523,Brian Omogrosso,29,CHW,AL,0,2,0,9.37,12,0,6,0,0,0,16.1,28,18,17,2,9,1,16,1,0,0,84,46,4.52,2.265,15.4,1.1,5,8.8,1.78
524,Logan Ondrusek,28,CIN,NL,3,1,0.75,4.09,52,0,18,0,0,0,55,53,26,25,8,16,1,53,1,1,5,233,93,3.94,1.255,8.7,1.3,2.6,8.7,3.31
525,Jose Ortega,24,DET,AL,0,2,0,3.86,11,0,5,0,0,0,11.2,10,5,5,2,6,1,10,1,0,0,52,111,5.36,1.371,7.7,1.5,4.6,7.7,1.67
526,Joe Ortiz,22,TEX,AL,2,2,0.5,4.23,32,0,10,0,0,0,44.2,46,26,21,5,10,2,27,0,0,0,187,98,3.97,1.254,9.3,1,2,5.4,2.7
527,Ramon Ortiz,40,TOR,AL,1,2,0.333,6.04,7,4,1,0,0,0,25.1,34,17,17,7,11,2,8,1,0,2,117,69,7.43,1.776,12.1,2.5,3.9,2.8,0.73
528,Roy Oswalt,35,COL,NL,0,6,0,8.63,9,6,0,0,0,0,32.1,49,31,31,3,9,0,34,1,0,1,151,52,3.08,1.794,13.6,0.8,2.5,9.5,3.78
529,Dan Otero,28,OAK,AL,2,0,1,1.38,33,0,8,0,0,0,39,42,7,6,0,6,1,27,0,0,0,159,283,2.12,1.231,9.7,0,1.4,6.2,4.5
530,Adam Ottavino,27,COL,NL,1,3,0.25,2.64,51,0,5,0,0,0,78.1,73,27,23,5,31,5,78,2,1,9,335,169,3.15,1.328,8.4,0.6,3.6,9,2.52
531,Josh Outman,28,COL,NL,3,0,1,4.33,61,0,8,0,0,0,54,56,27,26,3,23,2,53,3,0,2,238,103,3.25,1.463,9.3,0.5,3.8,8.8,2.3
532,Jonathan Papelbon,32,PHI,NL,5,1,0.833,2.92,61,0,54,0,0,29,61.2,59,23,20,6,11,1,57,1,0,2,254,129,3.05,1.135,8.6,0.9,1.6,8.3,5.18
533,Blake Parker,28,CHC,NL,1,2,0.333,2.72,49,0,18,0,0,1,46.1,39,17,14,4,15,1,55,2,0,2,195,143,2.9,1.165,7.6,0.8,2.9,10.7,3.67
534,Jarrod Parker,24,OAK,AL,12,8,0.6,3.97,32,32,0,1,0,0,197,178,92,87,25,63,2,134,7,0,7,818,98,4.4,1.223,8.1,1.1,2.9,6.1,2.13
535,Bobby Parnell,28,NYM,NL,5,5,0.5,2.16,49,0,41,0,0,22,50,38,17,12,1,12,3,44,1,0,1,198,166,2.33,1,6.8,0.2,2.2,7.9,3.67
536,Manny Parra,30,CIN,NL,2,3,0.4,3.33,57,0,8,0,0,0,46,40,18,17,5,15,0,56,1,0,4,188,115,3.07,1.196,7.8,1,2.9,11,3.73
537,Curtis Partch,26,CIN,NL,0,1,0,6.17,14,0,4,0,0,0,23.1,17,16,16,8,17,1,16,4,0,0,106,62,8.83,1.457,6.6,3.1,6.6,6.2,0.94
538,Joe Paterson,27,ARI,NL,0,0,,3.86,2,0,2,0,0,0,2.1,2,1,1,0,0,0,2,3,0,0,11,117,5.19,0.857,7.7,0,0,7.7,
539,Troy Patton,27,BAL,AL,2,0,1,3.7,56,0,8,0,0,0,56,57,25,23,8,16,1,42,3,0,0,235,111,4.42,1.304,9.2,1.3,2.6,6.8,2.63
540,James Paxton,24,SEA,AL,3,0,1,1.5,4,4,0,0,0,0,24,15,5,4,2,7,2,21,0,0,0,94,249,3.26,0.917,5.6,0.8,2.6,7.9,3
541,Brad Peacock,25,HOU,AL,5,6,0.455,5.18,18,14,1,0,0,0,83.1,78,51,48,15,37,0,77,3,0,4,365,78,4.98,1.38,8.4,1.6,4,8.3,2.08
542,Jake Peavy,32,TOT,AL,12,5,0.706,4.17,23,23,0,2,0,0,144.2,130,70,67,20,36,0,121,2,2,0,590,100,3.96,1.147,8.1,1.2,2.2,7.5,3.36
543,Jake Peavy,32,CHW,AL,8,4,0.667,4.28,13,13,0,1,0,0,80,74,41,38,14,17,0,76,1,1,0,324,99,4.1,1.138,8.3,1.6,1.9,8.6,4.47
544,Jake Peavy,32,BOS,AL,4,1,0.8,4.04,10,10,0,1,0,0,64.2,56,29,29,6,19,0,45,1,1,0,266,102,3.79,1.16,7.8,0.8,2.6,6.3,2.37
545,Mike Pelfrey,29,MIN,AL,5,13,0.278,5.19,29,29,0,0,0,0,152.2,184,92,88,13,53,0,101,6,0,1,680,79,3.99,1.552,10.8,0.8,3.1,6,1.91
546,Joel Peralta,37,TBR,AL,3,8,0.273,3.41,80,0,12,0,0,1,71.1,47,31,27,7,34,1,74,0,0,1,291,113,3.68,1.136,5.9,0.9,4.3,9.3,2.18
547,Wily Peralta,24,MIL,NL,11,15,0.423,4.37,32,32,0,2,1,0,183.1,187,107,89,19,73,3,129,7,0,12,802,88,4.3,1.418,9.2,0.9,3.6,6.3,1.77
548,Chris Perez,27,CLE,AL,5,3,0.625,4.33,54,0,41,0,0,25,54,56,27,26,11,21,2,54,4,0,1,243,88,5.09,1.426,9.3,1.8,3.5,9,2.57
549,Juan Perez,34,TOR,AL,1,2,0.333,3.69,19,0,3,0,0,0,31.2,23,17,13,3,15,0,33,1,0,2,131,113,3.71,1.2,6.5,0.9,4.3,9.4,2.2
550,Luis Perez,28,TOR,AL,0,1,0,5.4,6,0,1,0,0,0,5,4,3,3,0,2,0,6,0,0,0,21,82,1.85,1.2,7.2,0,3.6,10.8,3
551,Martin Perez,22,TEX,AL,10,6,0.625,3.62,20,20,0,1,0,0,124.1,129,55,50,15,37,0,84,3,2,9,529,114,4.23,1.335,9.3,1.1,2.7,6.1,2.27
552,Oliver Perez,31,SEA,AL,3,3,0.5,3.74,61,0,22,0,0,2,53,50,23,22,6,26,3,74,1,0,1,229,99,3.26,1.434,8.5,1,4.4,12.6,2.85
553,Glen Perkins,30,MIN,AL,2,0,1,2.3,61,0,53,0,0,36,62.2,43,16,16,5,15,0,77,3,0,0,240,178,2.49,0.926,6.2,0.7,2.2,11.1,5.13
554,Vinnie Pestano,28,CLE,AL,1,2,0.333,4.08,37,0,21,0,0,6,35.1,37,18,16,6,21,1,37,1,0,2,159,94,5.03,1.642,9.4,1.5,5.3,9.4,1.76
555,Yusmeiro Petit,28,SFG,NL,4,1,0.8,3.56,8,7,0,1,1,0,48,46,19,19,4,11,1,47,0,0,0,196,97,2.86,1.188,8.6,0.8,2.1,8.8,4.27
556,Jake Petricka,25,CHW,AL,1,1,0.5,3.26,16,0,3,0,0,0,19.1,20,7,7,0,10,1,10,1,0,4,85,131,3.72,1.552,9.3,0,4.7,4.7,1
557,Jonathan Pettibone,22,PHI,NL,5,4,0.556,4.04,18,18,0,0,0,0,100.1,109,50,45,9,38,3,66,5,0,1,437,93,4.18,1.465,9.8,0.8,3.4,5.9,1.74
558,Andy Pettitte,41,NYY,AL,11,11,0.5,3.74,30,30,0,1,0,0,185.1,198,85,77,17,48,1,128,4,0,6,784,107,3.7,1.327,9.6,0.8,2.3,6.2,2.67
559,David Phelps,26,NYY,AL,6,5,0.545,4.98,22,12,3,0,0,0,86.2,88,50,48,8,35,1,79,5,0,2,376,80,3.81,1.419,9.1,0.8,3.6,8.2,2.26
560,Zach Phillips,26,MIA,NL,0,1,0,5.4,3,0,0,0,0,0,1.2,3,1,1,0,3,0,1,0,0,0,11,88,7.25,3.6,16.2,0,16.2,5.4,0.33
561,Stolmy Pimentel,23,PIT,NL,0,0,,1.93,5,0,1,0,0,0,9.1,6,4,2,0,2,0,9,0,0,2,38,193,1.76,0.857,5.8,0,1.9,8.7,4.5
562,Drew Pomeranz,24,COL,NL,0,4,0,6.23,8,4,0,0,0,0,21.2,25,15,15,4,19,1,19,1,0,0,105,73,6.46,2.031,10.4,1.7,7.9,7.9,1
563,Rick Porcello,24,DET,AL,13,8,0.619,4.32,32,29,1,1,0,0,177,185,87,85,18,42,4,142,3,1,6,736,96,3.53,1.282,9.4,0.9,2.1,7.2,3.38
564,Ryan Pressly,24,MIN,AL,3,3,0.5,3.87,49,0,18,0,0,0,76.2,71,37,33,5,27,1,49,0,0,7,315,106,3.67,1.278,8.3,0.6,3.2,5.8,1.81
565,David Price,27,TBR,AL,10,8,0.556,3.33,27,27,0,4,0,0,186.2,178,78,69,16,27,0,151,3,0,6,740,115,3.03,1.098,8.6,0.8,1.3,7.3,5.59
566,Stephen Pryor,23,SEA,AL,0,0,,0,7,0,2,0,0,0,7.1,3,0,0,0,1,0,7,0,0,0,26,,1.55,0.545,3.7,0,1.2,8.6,7
567,David Purcey,31,CHW,AL,1,1,0.5,2.13,24,0,7,0,0,0,25.1,19,7,6,2,17,4,23,2,0,5,113,200,4.51,1.421,6.8,0.7,6,8.2,1.35
568,Luke Putkonen,27,DET,AL,1,3,0.25,3.03,30,0,12,0,0,0,29.2,30,11,10,4,9,0,28,0,0,5,127,139,3.82,1.315,9.1,1.2,2.7,8.5,3.11
569,Zach Putnam,25,CHC,NL,0,0,,18.9,5,0,1,0,0,0,3.1,9,7,7,1,0,0,4,0,0,0,19,23,4.55,2.7,24.3,2.7,0,10.8,
570,J.J. Putz,36,ARI,NL,3,1,0.75,2.36,40,0,16,0,0,6,34.1,26,9,9,4,17,1,38,0,0,3,140,165,3.83,1.252,6.8,1,4.5,10,2.24
571,Chad Qualls,34,MIA,NL,5,2,0.714,2.61,66,0,12,0,0,0,62,57,18,18,4,19,7,49,2,0,1,252,148,3.32,1.226,8.3,0.6,2.8,7.1,2.58
572,Jose Quintana,24,CHW,AL,9,7,0.563,3.51,33,33,0,0,0,0,200,188,83,78,23,56,2,164,5,1,2,832,120,3.82,1.22,8.5,1,2.5,7.4,2.93
573,Ryan Raburn,32,CLE,AL,0,0,,0,1,0,1,0,0,0,1,0,0,0,0,0,0,1,0,0,0,3,,1.05,0,0,0,0,9,
574,Brooks Raley,25,CHC,NL,0,0,,5.14,9,0,1,0,0,0,14,11,9,8,2,8,0,14,2,0,0,61,77,5.05,1.357,7.1,1.3,5.1,9,1.75
575,Erasmo Ramirez,23,SEA,AL,5,3,0.625,4.98,14,13,0,0,0,0,72.1,79,44,40,12,26,0,57,3,0,0,321,74,4.83,1.452,9.8,1.5,3.2,7.1,2.19
576,JC Ramirez,24,PHI,NL,0,1,0,7.5,18,0,2,0,0,0,24,30,22,20,6,15,1,16,0,0,0,116,51,6.84,1.875,11.3,2.3,5.6,6,1.07
577,Ramon Ramirez,31,SFG,NL,0,0,,11.12,6,0,1,0,0,0,5.2,9,8,7,2,5,0,0,0,0,1,29,33,10.28,2.471,14.3,3.2,7.9,0,0
578,AJ Ramos,26,MIA,NL,3,4,0.429,3.15,68,0,18,0,0,0,80,58,32,28,4,43,3,86,2,0,1,338,123,3.24,1.263,6.5,0.5,4.8,9.7,2
579,Cesar Ramos,29,TBR,AL,2,2,0.5,4.14,48,0,25,0,0,1,67.1,66,31,31,6,22,6,53,2,0,3,288,93,3.7,1.307,8.8,0.8,2.9,7.1,2.41
580,Clay Rapada,32,CLE,AL,0,0,,0,4,0,2,0,0,0,2,1,0,0,0,2,0,0,0,0,0,9,,6.05,1.5,4.5,0,9,0,0
581,Cory Rasmus,25,TOT,MLB,1,1,0.5,5.4,19,0,6,0,0,0,21.2,24,15,13,6,13,2,20,0,1,0,103,72,6.6,1.708,10,2.5,5.4,8.3,1.54
582,Cory Rasmus,25,ATL,NL,0,0,,8.1,3,0,2,0,0,0,6.2,8,6,6,4,3,0,6,0,0,0,31,49,10.4,1.65,10.8,5.4,4.1,8.1,2
583,Cory Rasmus,25,LAA,AL,1,1,0.5,4.2,16,0,4,0,0,0,15,16,9,7,2,10,2,14,0,1,0,72,92,4.91,1.733,9.6,1.2,6,8.4,1.4
584,Jon Rauch,34,MIA,NL,1,2,0.333,7.56,15,0,6,0,0,0,16.2,23,14,14,1,7,3,15,1,0,1,80,52,3.47,1.8,12.4,0.5,3.8,8.1,2.14
585,Anthony Recker,29,NYM,NL,0,0,,18,1,0,1,0,0,0,1,1,2,2,1,1,0,0,0,0,0,5,28,19.05,2,9,9,9,0,0
586,Todd Redmond,28,TOR,AL,4,3,0.571,4.32,17,14,2,0,0,0,77,70,38,37,13,23,2,76,6,0,1,324,96,4.4,1.208,8.2,1.5,2.7,8.9,3.3
587,Addison Reed,24,CHW,AL,5,4,0.556,3.79,68,0,59,0,0,40,71.1,56,31,30,6,23,2,72,2,0,2,295,111,3.17,1.107,7.1,0.8,2.9,9.1,3.13
588,Evan Reed,27,DET,AL,0,1,0,4.24,16,0,10,0,0,0,23.1,28,16,11,2,8,0,17,1,1,1,105,99,3.86,1.543,10.8,0.8,3.1,6.6,2.13
589,Ryan Reid,28,PIT,NL,0,0,,1.64,7,0,3,0,0,1,11,9,2,2,1,3,1,7,2,0,0,47,226,4.32,1.091,7.4,0.8,2.5,5.7,2.33
590,Chris Resop,30,OAK,AL,1,1,0.5,6,18,0,5,0,0,0,18,22,13,12,3,10,1,13,2,0,2,87,66,5.77,1.778,11,1.5,5,6.5,1.3
591,Greg Reynolds,27,CIN,NL,1,3,0.25,5.52,6,5,0,0,0,0,29.1,38,19,18,5,6,1,13,4,0,0,133,69,5.4,1.5,11.7,1.5,1.8,4,2.17
592,Matt Reynolds,28,ARI,NL,0,2,0,1.98,30,0,9,0,0,2,27.1,25,7,6,2,5,1,23,1,0,0,111,198,2.97,1.098,8.2,0.7,1.6,7.6,4.6
593,Scott Rice,31,NYM,NL,4,5,0.444,3.71,73,0,7,0,0,0,51,42,22,21,1,27,4,41,2,1,3,213,97,3.4,1.353,7.4,0.2,4.8,7.2,1.52
594,Clayton Richard,29,SDP,NL,2,5,0.286,7.01,12,11,1,0,0,0,52.2,65,44,41,13,21,1,24,0,0,0,239,49,6.54,1.633,11.1,2.2,3.6,4.1,1.14
595,Garrett Richards,25,LAA,AL,7,8,0.467,4.16,47,17,6,1,0,1,145,151,73,67,12,44,4,101,1,0,11,620,91,3.66,1.345,9.4,0.7,2.7,6.3,2.3
596,Andre Rienzo,24,CHW,AL,2,3,0.4,4.82,10,10,0,0,0,0,56,55,34,30,11,28,0,38,2,0,4,250,88,5.85,1.482,8.8,1.8,4.5,6.1,1.36
597,Mariano Rivera,43,NYY,AL,6,2,0.75,2.11,64,0,60,0,0,44,64,58,16,15,6,9,3,54,1,0,0,256,190,3.05,1.047,8.2,0.8,1.3,7.6,6
598,Tanner Roark,26,WSN,NL,7,1,0.875,1.51,14,5,1,0,0,0,53.2,38,11,9,1,11,0,40,0,0,0,204,252,2.41,0.913,6.4,0.2,1.8,6.7,3.64
599,David Robertson,28,NYY,AL,5,1,0.833,2.04,70,0,9,0,0,3,66.1,51,15,15,5,18,1,77,2,0,1,262,197,2.61,1.04,6.9,0.7,2.4,10.4,4.28
600,Tyler Robertson,25,MIN,AL,0,0,,9,2,0,1,0,0,0,1,1,1,1,1,0,0,2,0,0,0,4,62,12.05,1,9,9,0,18,
601,Mauricio Robles,24,PHI,NL,0,0,,1.93,3,0,0,0,0,0,4.2,7,3,1,0,3,0,6,0,1,2,25,211,2.41,2.143,13.5,0,5.8,11.6,2
602,Fernando Rodney,36,TBR,AL,5,4,0.556,3.38,68,0,55,0,0,37,66.2,53,27,25,3,36,3,82,1,1,4,290,114,2.84,1.335,7.2,0.4,4.9,11.1,2.28
603,Francisco Rodriguez,31,TOT,MLB,3,2,0.6,2.7,48,0,23,0,0,10,46.2,42,14,14,7,14,4,54,1,0,2,193,149,3.65,1.2,8.1,1.4,2.7,10.4,3.86
604,Francisco Rodriguez,31,MIL,NL,1,1,0.5,1.09,25,0,18,0,0,10,24.2,17,3,3,2,9,3,26,0,0,0,97,357,3.09,1.054,6.2,0.7,3.3,9.5,2.89
605,Francisco Rodriguez,31,BAL,AL,2,1,0.667,4.5,23,0,5,0,0,0,22,25,11,11,5,5,1,28,1,0,2,96,92,4.28,1.364,10.2,2,2,11.5,5.6
606,Henry Rodriguez,26,TOT,NL,0,1,0,4.09,22,0,10,0,0,0,22,20,12,10,2,20,1,12,2,1,2,109,96,6.14,1.818,8.2,0.8,8.2,4.9,0.6
607,Henry Rodriguez,26,WSN,NL,0,1,0,4,17,0,8,0,0,0,18,14,8,8,1,16,0,11,1,1,2,86,97,5.38,1.667,7,0.5,8,5.5,0.69
608,Henry Rodriguez,26,CHC,NL,0,0,,4.5,5,0,2,0,0,0,4,6,4,2,1,4,1,1,1,0,0,23,94,9.55,2.5,13.5,2.3,9,2.3,0.25
609,Paco Rodriguez,22,LAD,NL,3,4,0.429,2.32,76,0,11,0,0,2,54.1,30,15,14,5,19,4,63,2,0,3,208,154,3.08,0.902,5,0.8,3.1,10.4,3.32
610,Wandy Rodriguez,34,PIT,NL,6,4,0.6,3.59,12,12,0,0,0,0,62.2,58,26,25,10,12,1,46,4,1,1,260,100,4.42,1.117,8.3,1.4,1.7,6.6,3.83
611,Chaz Roe,26,ARI,NL,1,0,1,4.03,21,0,4,0,0,0,22.1,18,10,10,3,13,3,24,0,0,1,95,97,4.39,1.388,7.3,1.2,5.2,9.7,1.85
612,Josh Roenicke,30,MIN,AL,3,1,0.75,4.35,63,0,12,0,0,1,62,63,31,30,6,36,5,45,1,0,7,282,94,4.64,1.597,9.1,0.9,5.2,6.5,1.25
613,Esmil Rogers,27,TOR,AL,5,9,0.357,4.77,44,20,5,0,0,0,137.2,152,76,73,21,44,2,96,6,2,7,598,86,4.73,1.424,9.9,1.4,2.9,6.3,2.18
614,Enny Romero,22,TBR,AL,0,0,,0,1,1,0,0,0,0,4.2,1,0,0,0,4,0,0,0,0,0,18,,5.62,1.071,1.9,0,7.7,0,0
615,Ricky Romero,28,TOR,AL,0,2,0,11.05,4,2,1,0,0,0,7.1,11,9,9,2,8,0,5,1,0,1,40,39,8.91,2.591,13.5,2.5,9.8,6.1,0.63
616,Sergio Romo,30,SFG,NL,5,8,0.385,2.54,65,0,52,0,0,38,60.1,53,20,17,5,12,3,58,1,0,1,250,137,2.85,1.077,7.9,0.7,1.8,8.7,4.83
617,Bruce Rondon,22,DET,AL,1,2,0.333,3.45,30,0,12,0,0,1,28.2,28,11,11,2,11,0,30,0,1,7,122,122,3.01,1.36,8.8,0.6,3.5,9.4,2.73
618,Hector Rondon,25,CHC,NL,2,1,0.667,4.77,45,0,14,0,0,0,54.2,52,29,29,6,25,5,44,3,0,4,242,81,4.4,1.409,8.6,1,4.1,7.2,1.76
619,Sandy Rosario,27,SFG,NL,3,2,0.6,3.02,43,0,14,0,0,0,41.2,38,15,14,1,20,5,24,0,0,2,180,115,3.65,1.392,8.2,0.2,4.3,5.2,1.2
620,B.J. Rosenberg,27,PHI,NL,2,0,1,4.58,22,0,5,0,0,1,19.2,20,10,10,0,9,1,19,0,0,2,86,83,2.49,1.475,9.2,0,4.1,8.7,2.11
621,Trevor Rosenthal,23,STL,NL,2,4,0.333,2.63,74,0,15,0,0,3,75.1,63,25,22,4,20,0,108,6,0,3,311,143,1.91,1.102,7.5,0.5,2.4,12.9,5.4
622,Robbie Ross,24,TEX,AL,4,2,0.667,3.03,65,0,16,0,0,0,62.1,63,21,21,4,19,2,58,5,0,2,267,136,3.18,1.316,9.1,0.6,2.7,8.4,3.05
623,Tyson Ross,26,SDP,NL,3,8,0.273,3.17,35,16,8,0,0,0,125,100,51,44,8,44,4,119,7,0,7,504,108,3.2,1.152,7.2,0.6,3.2,8.6,2.7
624,Zac Rosscup,25,CHC,NL,0,0,,1.35,10,0,3,0,0,0,6.2,3,1,1,1,7,1,7,0,0,0,30,302,6.05,1.5,4.1,1.4,9.5,9.5,1
625,Michael Roth,23,LAA,AL,1,1,0.5,7.2,15,1,5,0,0,0,20,24,16,16,0,6,0,17,1,0,2,89,53,2.4,1.5,10.8,0,2.7,7.7,2.83
626,Chance Ruffin,24,SEA,AL,0,2,0,8.38,9,0,1,0,0,0,9.2,14,10,9,3,5,1,15,2,0,1,49,46,6.15,1.966,13,2.8,4.7,14,3
627,Chris Rusin,26,CHC,NL,2,6,0.25,3.93,13,13,0,0,0,0,66.1,66,30,29,8,24,3,36,3,0,1,282,98,4.75,1.357,9,1.1,3.3,4.9,1.5
628,James Russell,27,CHC,NL,1,6,0.143,3.59,74,0,7,0,0,0,52.2,46,21,21,7,18,6,37,1,0,1,214,108,4.45,1.215,7.9,1.2,3.1,6.3,2.06
629,Hyun Jin Ryu,26,LAD,NL,14,8,0.636,3,30,30,0,2,1,0,192,182,67,64,15,49,4,154,1,0,5,783,119,3.24,1.203,8.5,0.7,2.3,7.2,3.14
630,Marc Rzepczynski,27,TOT,MLB,0,0,,3.23,38,0,10,0,0,0,30.2,27,13,11,2,10,3,29,4,0,0,129,120,3.37,1.207,7.9,0.6,2.9,8.5,2.9
631,Marc Rzepczynski,27,STL,NL,0,0,,7.84,11,0,4,0,0,0,10.1,16,9,9,1,4,1,9,1,0,0,50,50,4.02,1.935,13.9,0.9,3.5,7.8,2.25
632,Marc Rzepczynski,27,CLE,AL,0,0,,0.89,27,0,6,0,0,0,20.1,11,4,2,1,6,2,20,3,0,0,79,437,3.05,0.836,4.9,0.4,2.7,8.9,3.33
633,CC Sabathia,32,NYY,AL,14,13,0.519,4.78,32,32,0,2,0,0,211,224,122,112,28,65,5,175,4,1,7,908,84,4.1,1.37,9.6,1.2,2.8,7.5,2.69
634,Fernando Salas,28,STL,NL,0,3,0,4.5,27,0,14,0,0,0,28,27,15,14,3,6,1,22,1,0,2,118,84,3.62,1.179,8.7,1,1.9,7.1,3.67
635,Danny Salazar,23,CLE,AL,2,3,0.4,3.12,10,10,0,0,0,0,52,44,18,18,7,15,0,65,0,0,3,211,123,3.16,1.135,7.6,1.2,2.6,11.3,4.33
636,Chris Sale,24,CHW,AL,11,14,0.44,3.07,30,30,0,4,1,0,214.1,184,81,73,23,46,2,226,14,1,8,866,137,3.17,1.073,7.7,1,1.9,9.5,4.91
637,Jeff Samardzija,28,CHC,NL,8,13,0.381,4.34,33,33,0,2,1,0,213.2,210,109,103,25,78,3,214,8,0,11,914,89,3.77,1.348,8.8,1.1,3.3,9,2.74
638,Alex Sanabia,24,MIA,NL,3,7,0.3,4.88,10,10,0,0,0,0,55.1,69,33,30,10,25,3,31,4,0,1,251,79,5.85,1.699,11.2,1.6,4.1,5,1.24
639,Anibal Sanchez,29,DET,AL,14,8,0.636,2.57,29,29,0,1,1,0,182,156,56,52,9,54,1,202,2,0,7,746,162,2.39,1.154,7.7,0.4,2.7,10,3.74
640,Eduardo Sanchez,24,CHC,NL,0,1,0,5.68,4,0,1,0,0,0,6.1,5,4,4,1,5,0,5,0,1,1,29,72,5.89,1.579,7.1,1.4,7.1,7.1,1
641,Jonathan Sanchez,30,PIT,NL,0,3,0,11.85,5,4,0,0,0,0,13.2,25,18,18,7,8,0,15,2,0,0,75,31,9.71,2.415,16.5,4.6,5.3,9.9,1.88
642,Ervin Santana,30,KCR,AL,9,10,0.474,3.24,32,32,0,0,0,0,211,190,85,76,26,51,3,161,6,0,6,859,127,3.93,1.142,8.1,1.1,2.2,6.9,3.16
643,Hector Santiago,25,CHW,AL,4,9,0.308,3.56,34,23,4,0,0,0,149,137,69,59,17,72,2,137,15,0,2,656,118,4.44,1.403,8.3,1,4.3,8.3,1.9
644,Sergio Santos,29,TOR,AL,1,1,0.5,1.75,29,0,6,0,0,1,25.2,11,5,5,1,4,2,28,0,0,1,90,238,1.84,0.584,3.9,0.4,1.4,9.8,7
645,Joe Saunders,32,SEA,AL,11,16,0.407,5.26,32,32,0,2,0,0,183,232,117,107,25,61,5,107,4,0,5,820,70,4.72,1.601,11.4,1.2,3,5.3,1.75
646,Joe Savery,27,PHI,NL,2,0,1,3.15,18,0,8,0,0,0,20,15,11,7,1,11,0,14,0,0,0,86,121,3.95,1.3,6.8,0.5,5,6.3,1.27
647,Rob Scahill,26,COL,NL,1,0,1,5.13,23,0,6,0,0,0,33.1,40,19,19,5,9,1,20,4,0,1,149,88,4.97,1.47,10.8,1.4,2.4,5.4,2.22
648,Tanner Scheppers,26,TEX,AL,6,2,0.75,1.88,76,0,11,0,0,1,76.2,58,21,16,6,24,4,59,7,0,4,302,220,3.74,1.07,6.8,0.7,2.8,6.9,2.46
649,Max Scherzer,28,DET,AL,21,3,0.875,2.9,32,32,0,0,0,0,214.1,152,73,69,18,56,0,240,4,1,6,836,144,2.74,0.97,6.4,0.8,2.4,10.1,4.29
650,Skip Schumaker,33,LAD,NL,0,0,,0,2,0,2,0,0,0,2,3,0,0,0,3,0,1,0,0,0,12,,6.55,3,13.5,0,13.5,4.5,0.33
651,Evan Scribner,27,OAK,AL,0,0,,4.39,18,0,12,0,0,0,26.2,26,13,13,3,7,0,19,0,0,2,114,90,3.87,1.238,8.8,1,2.4,6.4,2.71
652,Bryan Shaw,25,CLE,AL,7,3,0.7,3.24,70,0,11,0,0,1,75,60,31,27,4,28,2,73,4,0,5,316,118,3.07,1.173,7.2,0.5,3.4,8.8,2.61
653,James Shields,31,KCR,AL,13,9,0.591,3.15,34,34,0,2,0,0,228.2,215,82,80,20,68,0,196,8,2,11,946,131,3.47,1.238,8.5,0.8,2.7,7.7,2.88
654,Matt Shoemaker,26,LAA,AL,0,0,,0,1,1,0,0,0,0,5,2,0,0,0,2,0,5,0,0,1,19,,2.25,0.8,3.6,0,3.6,9,2.5
655,Kevin Siegrist,23,STL,NL,3,1,0.75,0.45,45,0,15,0,0,0,39.2,17,2,2,1,18,1,50,1,0,0,152,832,2.29,0.882,3.9,0.2,4.1,11.3,2.78
656,Alfredo Simon,32,CIN,NL,6,4,0.6,2.87,63,0,20,0,0,1,87.2,68,31,28,8,26,2,63,8,0,4,359,132,3.96,1.072,7,0.8,2.7,6.5,2.42
657,Tony Sipp,29,ARI,NL,3,2,0.6,4.78,56,0,11,0,0,0,37.2,35,22,20,6,22,2,42,3,1,3,175,81,4.88,1.513,8.4,1.4,5.3,10,1.91
658,Tyler Skaggs,21,ARI,NL,2,3,0.4,5.12,7,7,0,0,0,0,38.2,38,23,22,7,15,2,36,2,0,2,170,76,4.86,1.371,8.8,1.6,3.5,8.4,2.4
659,Kevin Slowey,29,MIA,NL,3,6,0.333,4.11,20,14,2,0,0,0,92,106,44,42,12,18,0,76,4,0,1,395,94,3.81,1.348,10.4,1.2,1.8,7.4,4.22
660,Burch Smith,23,SDP,NL,1,3,0.25,6.44,10,7,3,0,0,0,36.1,39,26,26,9,21,1,46,0,0,0,167,53,5.47,1.651,9.7,2.2,5.2,11.4,2.19
661,Joe Smith,29,CLE,AL,6,2,0.75,2.29,70,0,20,0,0,3,63,54,17,16,5,23,2,54,3,0,3,259,167,3.6,1.222,7.7,0.7,3.3,7.7,2.35
662,Will Smith,23,KCR,AL,2,1,0.667,3.24,19,1,4,0,0,0,33.1,24,16,12,6,7,0,43,1,0,0,131,128,3.53,0.93,6.5,1.6,1.9,11.6,6.14
663,Drew Smyly,24,DET,AL,6,0,1,2.37,63,0,9,0,0,2,76,62,20,20,4,17,1,81,1,0,5,303,176,2.31,1.039,7.3,0.5,2,9.6,4.76
664,Joakim Soria,29,TEX,AL,1,0,1,3.8,26,0,9,0,0,0,23.2,18,10,10,2,14,2,28,1,0,2,101,110,3.68,1.352,6.8,0.8,5.3,10.6,2
665,Rafael Soriano,33,WSN,NL,3,3,0.5,3.11,68,0,58,0,0,43,66.2,65,24,23,7,17,2,51,0,0,3,277,122,3.65,1.23,8.8,0.9,2.3,6.9,3
666,Zeke Spruill,23,ARI,NL,0,2,0,5.56,6,2,1,0,0,0,11.1,17,11,7,3,5,0,9,1,0,0,55,72,6.49,1.941,13.5,2.4,4,7.1,1.8
667,Craig Stammen,29,WSN,NL,7,6,0.538,2.76,55,0,14,0,0,0,81.2,78,30,25,4,27,3,79,2,1,2,339,138,2.82,1.286,8.6,0.4,3,8.7,2.93
668,Daniel Stange,27,LAA,AL,0,1,0,16.2,3,0,3,0,0,0,1.2,2,3,3,1,2,0,1,0,0,0,9,29,13.25,2.4,10.8,5.4,10.8,5.4,0.5
669,Tim Stauffer,31,SDP,NL,3,1,0.75,3.75,43,0,8,0,0,0,69.2,59,29,29,7,20,1,64,4,0,0,284,91,3.55,1.134,7.6,0.9,2.6,8.3,3.2
670,Josh Stinson,25,BAL,AL,0,0,,3.18,11,1,2,0,0,0,17,10,7,6,4,3,0,12,1,0,0,63,131,5.4,0.765,5.3,2.1,1.6,6.4,4
671,Drew Storen,25,WSN,NL,4,2,0.667,4.52,68,0,20,0,0,3,61.2,65,34,31,7,19,2,58,1,0,2,267,84,3.62,1.362,9.5,1,2.8,8.5,3.05
672,Mickey Storey,27,TOR,AL,0,0,,6.75,3,0,3,0,0,0,4,6,3,3,0,1,0,6,0,0,0,19,67,0.8,1.75,13.5,0,2.3,13.5,6
673,Dan Straily,24,OAK,AL,10,8,0.556,3.96,27,27,0,0,0,0,152.1,132,74,67,16,57,0,124,7,0,7,640,98,4.05,1.241,7.8,0.9,3.4,7.3,2.18
674,Stephen Strasburg,24,WSN,NL,8,9,0.471,3,30,30,0,1,1,0,183,136,71,61,16,56,1,191,12,3,7,731,126,3.21,1.049,6.7,0.8,2.8,9.4,3.41
675,Huston Street,29,SDP,NL,2,5,0.286,2.7,58,0,52,0,0,33,56.2,44,17,17,12,14,1,46,0,0,4,222,127,4.92,1.024,7,1.9,2.2,7.3,3.29
676,Pedro Strop,28,TOT,MLB,2,5,0.286,4.55,66,0,22,0,0,1,57.1,45,30,29,5,26,2,66,6,1,8,254,88,3.55,1.238,7.1,0.8,4.1,10.4,2.54
677,Pedro Strop,28,BAL,AL,0,3,0,7.25,29,0,15,0,0,0,22.1,23,19,18,4,15,2,24,2,1,5,111,57,5.51,1.701,9.3,1.6,6,9.7,1.6
678,Pedro Strop,28,CHC,NL,2,2,0.5,2.83,37,0,7,0,0,1,35,22,11,11,1,11,0,42,4,0,3,143,138,2.31,0.943,5.7,0.3,2.8,10.8,3.82
679,Eric Stults,33,SDP,NL,11,13,0.458,3.93,33,33,0,2,0,0,203.2,219,97,89,18,40,2,131,2,1,2,857,87,3.53,1.272,9.7,0.8,1.8,5.8,3.28
680,Michael Stutes,26,PHI,NL,3,1,0.75,4.58,16,0,4,0,0,0,17.2,14,11,9,1,8,1,9,1,0,1,75,83,4.29,1.245,7.1,0.5,4.1,4.6,1.13
681,Eric Surkamp,25,SFG,NL,0,1,0,23.63,1,1,0,0,0,0,2.2,9,7,7,2,0,0,0,2,0,0,18,17,15.05,3.375,30.4,6.8,0,0,
682,Anthony Swarzak,27,MIN,AL,3,2,0.6,2.91,48,0,8,0,0,0,96,89,33,31,7,22,1,69,1,0,1,387,141,3.28,1.156,8.3,0.7,2.1,6.5,3.14
683,Hisanori Takahashi,38,CHC,NL,0,0,,6,3,0,2,0,0,0,3,3,2,2,1,2,0,3,0,0,0,14,73,7.38,1.667,9,3,6,9,1.5
684,Junichi Tazawa,27,BOS,AL,5,4,0.556,3.16,71,0,10,0,0,0,68.1,70,25,24,9,12,1,72,1,1,3,284,131,3.22,1.2,9.2,1.2,1.6,9.5,6
685,Everett Teaford,29,KCR,AL,0,0,,0,1,0,0,0,0,0,0.2,1,0,0,0,0,0,0,0,0,0,3,,3.05,1.5,13.5,0,0,0,
686,Julio Teheran,22,ATL,NL,14,8,0.636,3.2,30,30,0,0,0,0,185.2,173,69,66,22,45,4,170,13,0,2,774,117,3.69,1.174,8.4,1.1,2.2,8.2,3.78
687,Nick Tepesch,24,TEX,AL,4,6,0.4,4.84,19,17,1,0,0,0,93,100,53,50,12,27,3,76,7,0,0,407,85,4.19,1.366,9.7,1.2,2.6,7.4,2.81
688,Joe Thatcher,31,TOT,NL,3,2,0.6,3.2,72,0,16,0,0,0,39.1,40,14,14,4,10,0,36,1,0,3,164,112,3.38,1.271,9.2,0.9,2.3,8.2,3.6
689,Joe Thatcher,31,SDP,NL,3,1,0.75,2.1,50,0,13,0,0,0,30,28,7,7,3,4,0,29,1,0,2,121,164,2.91,1.067,8.4,0.9,1.2,8.7,7.25
690,Joe Thatcher,31,ARI,NL,0,1,0,6.75,22,0,3,0,0,0,9.1,12,7,7,1,6,0,7,0,0,1,43,59,4.87,1.929,11.6,1,5.8,6.8,1.17
691,Dale Thayer,32,SDP,NL,3,5,0.375,3.32,69,0,13,0,0,1,65,59,25,24,8,22,2,64,2,0,2,270,103,3.79,1.246,8.2,1.1,3,8.9,2.91
692,Caleb Thielbar,26,MIN,AL,3,2,0.6,1.76,49,0,16,0,0,0,46,24,11,9,4,14,4,39,0,0,1,171,233,3.4,0.826,4.7,0.8,2.7,7.6,2.79
693,Tyler Thornburg,24,MIL,NL,3,1,0.75,2.03,18,7,4,0,0,0,66.2,53,17,15,1,26,2,48,3,1,2,270,191,3.11,1.185,7.2,0.1,3.5,6.5,1.85
694,Matt Thornton,36,TOT,AL,0,4,0,3.74,60,0,6,0,0,0,43.1,47,20,18,4,15,1,30,2,0,2,187,113,4.04,1.431,9.8,0.8,3.1,6.2,2
695,Matt Thornton,36,CHW,AL,0,3,0,3.86,40,0,3,0,0,0,28,25,14,12,4,10,1,21,2,0,1,116,110,4.69,1.25,8,1.3,3.2,6.8,2.1
696,Matt Thornton,36,BOS,AL,0,1,0,3.52,20,0,3,0,0,0,15.1,22,6,6,0,5,0,9,0,0,1,71,120,2.85,1.761,12.9,0,2.9,5.3,1.8
697,Chris Tillman,25,BAL,AL,16,7,0.696,3.71,33,33,0,1,0,0,206.1,184,87,85,33,68,2,179,3,1,6,845,110,4.42,1.221,8,1.4,3,7.8,2.63
698,Shawn Tolleson,25,LAD,NL,0,0,,,1,0,0,0,0,0,0,0,0,0,0,2,0,0,0,0,0,2,,,,,,,,0
699,Josh Tomlin,28,CLE,AL,0,0,,0,1,0,0,0,0,0,2,2,0,0,0,0,0,0,0,0,0,9,,3.05,1,9,0,0,0,
700,Michael Tonkin,23,MIN,AL,0,0,,0.79,9,0,6,0,0,0,11.1,9,6,1,0,3,0,10,0,0,1,47,530,2.08,1.059,7.1,0,2.4,7.9,3.33
701,Alex Torres,25,TBR,AL,4,2,0.667,1.71,39,0,5,0,0,0,58,32,12,11,1,20,1,62,3,0,1,226,226,2.32,0.897,5,0.2,3.1,9.6,3.1
702,Carlos Torres,30,NYM,NL,4,6,0.4,3.44,33,9,6,0,0,0,86.1,79,34,33,15,17,1,75,4,1,4,352,104,4.3,1.112,8.2,1.6,1.8,7.8,4.41
703,Ramon Troncoso,30,CHW,AL,1,4,0.2,4.5,29,0,15,0,0,0,30,30,22,15,4,16,1,18,1,0,1,137,94,5.28,1.533,9,1.2,4.8,5.4,1.13
704,Jacob Turner,22,MIA,NL,3,8,0.273,3.74,20,20,0,1,0,0,118,116,55,49,11,54,5,77,4,0,11,514,103,4.43,1.441,8.8,0.8,4.1,5.9,1.43
705,Koji Uehara,38,BOS,AL,4,1,0.8,1.09,73,0,40,0,0,21,74.1,33,10,9,5,9,2,101,1,0,1,265,379,1.61,0.565,4,0.6,1.1,12.2,11.22
706,Raúl Valdés,35,PHI,NL,1,1,0.5,7.46,17,1,7,0,0,0,35,42,29,29,7,8,0,37,2,0,1,152,51,4.39,1.429,10.8,1.8,2.1,9.5,4.63
707,Jose Valverde,35,DET,AL,0,1,0,5.59,20,0,18,0,0,9,19.1,18,12,12,6,6,0,19,2,0,0,84,76,6.36,1.241,8.4,2.8,2.8,8.8,3.17
708,Jason Vargas,30,LAA,AL,9,8,0.529,4.02,24,24,0,3,2,0,150,162,68,67,17,46,2,109,5,1,0,644,94,4.09,1.387,9.7,1,2.8,6.5,2.37
709,Anthony Varvaro,28,ATL,NL,3,1,0.75,2.82,62,0,30,0,0,1,73.1,68,25,23,3,25,3,43,1,0,7,306,133,3.47,1.268,8.3,0.4,3.1,5.3,1.72
710,Donnie Veal,28,CHW,AL,2,3,0.4,4.6,50,0,5,0,0,0,29.1,26,16,15,3,16,1,29,0,0,4,126,92,4.04,1.432,8,0.9,4.9,8.9,1.81
711,Yordano Ventura,22,KCR,AL,0,1,0,3.52,3,3,0,0,0,0,15.1,13,6,6,3,6,0,11,0,0,1,64,120,5.33,1.239,7.6,1.8,3.5,6.5,1.83
712,Jose Veras,32,TOT,AL,0,5,0,3.02,67,0,45,0,0,21,62.2,45,23,21,6,22,1,60,4,0,2,254,137,3.62,1.069,6.5,0.9,3.2,8.6,2.73
713,Jose Veras,32,HOU,AL,0,4,0,2.93,42,0,38,0,0,19,43,29,15,14,4,14,0,44,3,0,2,169,139,3.4,1,6.1,0.8,2.9,9.2,3.14
714,Jose Veras,32,DET,AL,0,1,0,3.2,25,0,7,0,0,2,19.2,16,8,7,2,8,1,16,1,0,0,85,132,4.12,1.22,7.3,0.9,3.7,7.3,2
715,Justin Verlander,30,DET,AL,13,12,0.52,3.46,34,34,0,0,0,0,218.1,212,94,84,19,75,1,217,4,1,3,925,120,3.28,1.315,8.7,0.8,3.1,8.9,2.89
716,Carlos Villanueva,29,CHC,NL,7,8,0.467,4.06,47,15,5,0,0,0,128.2,117,58,58,14,40,4,103,3,0,0,524,95,3.86,1.22,8.2,1,2.8,7.2,2.58
717,Brayan Villarreal,26,TOT,AL,0,2,0,20.77,8,0,4,0,0,0,4.1,8,10,10,1,9,0,6,0,0,1,29,23,9.51,3.923,16.6,2.1,18.7,12.5,0.67
718,Brayan Villarreal,26,DET,AL,0,2,0,20.77,7,0,3,0,0,0,4.1,8,10,10,1,8,0,6,0,0,1,28,22,8.82,3.692,16.6,2.1,16.6,12.5,0.75
719,Brayan Villarreal,26,BOS,AL,0,0,,,1,0,1,0,0,0,0,0,0,0,0,1,0,0,0,0,0,1,,,,,,,,0
720,Pedro Villarreal,25,CIN,NL,0,1,0,12.71,2,1,0,0,0,0,5.2,13,8,8,4,3,0,4,0,0,0,32,32,12.4,2.824,20.6,6.4,4.8,6.4,1.33
721,Nick Vincent,26,SDP,NL,6,3,0.667,2.14,45,0,7,0,0,1,46.1,33,11,11,1,11,3,49,2,0,0,180,161,2.06,0.95,6.4,0.2,2.1,9.5,4.45
722,Ryan Vogelsong,35,SFG,NL,4,6,0.4,5.73,19,19,0,0,0,0,103.2,124,73,66,15,38,2,67,6,0,3,467,60,4.91,1.563,10.8,1.3,3.3,5.8,1.76
723,Edinson Volquez,29,TOT,NL,9,12,0.429,5.71,33,32,0,0,0,0,170.1,193,114,108,19,77,2,142,3,0,16,777,60,4.24,1.585,10.2,1,4.1,7.5,1.84
724,Edinson Volquez,29,SDP,NL,9,10,0.474,6.01,27,27,0,0,0,0,142.1,168,100,95,14,69,2,116,3,0,11,659,57,4.21,1.665,10.6,0.9,4.4,7.3,1.68
725,Edinson Volquez,29,LAD,NL,0,2,0,4.18,6,5,0,0,0,0,28,25,14,13,5,8,0,26,0,0,5,118,86,4.37,1.179,8,1.6,2.6,8.4,3.25
726,Chris Volstad,26,COL,NL,0,0,,10.8,6,0,1,0,0,0,8.1,19,10,10,1,1,0,3,2,0,0,47,43,4.97,2.4,20.5,1.1,1.1,3.2,3
727,Michael Wacha,21,STL,NL,4,1,0.8,2.78,15,9,2,0,0,0,64.2,52,20,20,5,19,0,65,0,0,3,260,135,2.92,1.098,7.2,0.7,2.6,9,3.42
728,Neil Wagner,29,TOR,AL,2,4,0.333,3.79,36,0,8,0,0,0,38,39,17,16,5,13,1,33,1,1,3,161,110,4.13,1.368,9.2,1.2,3.1,7.8,2.54
729,Adam Wainwright,31,STL,NL,19,9,0.679,2.94,34,34,0,5,2,0,241.2,223,83,79,15,35,2,219,6,0,5,956,127,2.55,1.068,8.3,0.6,1.3,8.2,6.26
730,Jordan Walden,25,ATL,NL,4,3,0.571,3.45,50,0,9,0,0,1,47,39,19,18,4,14,4,54,1,0,6,193,109,2.81,1.128,7.5,0.8,2.7,10.3,3.86
731,Taijuan Walker,20,SEA,AL,1,0,1,3.6,3,3,0,0,0,0,15,11,7,6,0,4,0,12,0,0,0,60,105,2.25,1,6.6,0,2.4,7.2,3
732,Josh Wall,26,LAD,NL,0,1,0,18,6,0,4,0,0,0,7,17,14,14,2,6,3,7,0,0,0,44,21,7.33,3.286,21.9,2.6,7.7,9,1.17
733,P.J. Walters,28,MIN,AL,2,5,0.286,5.95,8,8,0,0,0,0,39.1,51,30,26,5,18,0,22,1,0,0,183,69,5.03,1.754,11.7,1.1,4.1,5,1.22
734,Chien-Ming Wang,33,TOR,AL,1,2,0.333,7.67,6,6,0,0,0,0,27,40,24,23,5,9,0,14,0,0,2,123,54,5.42,1.815,13.3,1.7,3,4.7,1.56
735,Adam Warren,25,NYY,AL,3,2,0.6,3.39,34,2,17,0,0,1,77,80,29,29,10,30,2,64,2,0,3,331,118,4.32,1.429,9.4,1.2,3.5,7.5,2.13
736,Tony Watson,28,PIT,NL,3,1,0.75,2.39,67,0,14,0,0,2,71.2,51,19,19,5,12,1,54,6,0,2,280,150,3.2,0.879,6.4,0.6,1.5,6.8,4.5
737,Jered Weaver,30,LAA,AL,11,8,0.579,3.27,24,24,0,0,0,0,154.1,139,58,56,17,37,0,117,7,0,2,634,115,3.82,1.14,8.1,1,2.2,6.8,3.16
738,Daniel Webb,23,CHW,AL,0,0,,3.18,9,0,4,0,0,0,11.1,9,4,4,0,4,0,10,0,0,1,46,136,2.34,1.147,7.1,0,3.2,7.9,2.5
739,Ryan Webb,27,MIA,NL,2,6,0.25,2.91,66,0,19,0,0,0,80.1,70,30,26,5,27,5,54,2,0,4,332,133,3.6,1.207,7.8,0.6,3,6,2
740,Thad Weber,28,TOT,MLB,0,1,0,2.4,8,0,5,0,0,0,15,12,5,4,2,8,0,10,0,0,0,61,162,5.05,1.333,7.2,1.2,4.8,6,1.25
741,Thad Weber,28,SDP,NL,0,0,,2,3,0,1,0,0,0,9,5,2,2,1,5,0,6,0,0,0,35,179,4.83,1.111,5,1,5,6,1.2
742,Thad Weber,28,TOR,AL,0,1,0,3,5,0,4,0,0,0,6,7,3,2,1,3,0,4,0,0,0,26,146,5.38,1.667,10.5,1.5,4.5,6,1.33
743,Allen Webster,23,BOS,AL,1,2,0.333,8.6,8,7,1,0,0,0,30.1,37,30,29,7,18,0,23,2,0,1,145,48,6.51,1.813,11,2.1,5.3,6.8,1.28
744,Duke Welker,27,PIT,NL,0,0,,0,2,0,1,0,0,0,1.1,0,0,0,0,0,0,1,0,0,0,4,,1.55,0,0,0,0,6.8,
745,Casper Wells,28,TOT,MLB,0,1,0,27,2,0,1,0,0,0,1.2,3,5,5,0,4,1,1,0,0,0,12,25,9.05,4.2,16.2,0,21.6,5.4,0.25
746,Casper Wells,28,TOT,AL,0,0,,0,1,0,1,0,0,0,1,0,0,0,0,1,0,1,0,0,0,4,,4.05,1,0,0,9,9,1
747,Casper Wells,28,CHW,AL,0,0,,0,1,0,1,0,0,0,1,0,0,0,0,1,0,1,0,0,0,4,,4.05,1,0,0,9,9,1
748,Casper Wells,28,PHI,NL,0,1,0,67.5,1,0,0,0,0,0,0.2,3,5,5,0,3,1,0,0,0,0,8,9,16.55,9,40.5,0,40.5,0,0
749,Jake Westbrook,35,STL,NL,7,8,0.467,4.63,21,19,0,1,1,0,116.2,132,69,60,7,50,3,44,10,0,1,523,81,4.62,1.56,10.2,0.5,3.9,3.4,0.88
750,Zack Wheeler,23,NYM,NL,7,5,0.583,3.42,17,17,0,0,0,0,100,90,42,38,10,46,2,84,4,0,6,431,104,4.17,1.36,8.1,0.9,4.1,7.6,1.83
751,Tom Wilhelmsen,29,SEA,AL,0,3,0,4.12,59,0,40,0,0,24,59,45,28,27,2,33,5,45,1,0,6,251,90,3.69,1.322,6.9,0.3,5,6.9,1.36
752,Jerome Williams,31,LAA,AL,9,10,0.474,4.57,37,25,8,0,0,0,169.1,181,93,86,23,55,2,107,4,0,5,728,82,4.6,1.394,9.6,1.2,2.9,5.7,1.95
753,Alex Wilson,26,BOS,AL,1,1,0.5,4.88,26,0,9,0,0,0,27.2,34,16,15,0,14,1,22,1,0,1,127,85,3.08,1.735,11.1,0,4.6,7.2,1.57
754,Brian Wilson,31,LAD,NL,2,1,0.667,0.66,18,0,8,0,0,0,13.2,8,1,1,0,4,0,13,0,0,0,49,556,2.02,0.878,5.3,0,2.6,8.6,3.25
755,C.J. Wilson,32,LAA,AL,17,7,0.708,3.39,33,33,0,0,0,0,212.1,200,93,80,15,85,3,188,8,2,14,913,111,3.51,1.342,8.5,0.6,3.6,8,2.21
756,Justin Wilson,25,PIT,NL,6,1,0.857,2.08,58,0,8,0,0,0,73.2,50,17,17,4,28,1,59,3,0,5,295,172,3.41,1.059,6.1,0.5,3.4,7.2,2.11
757,Chris Withrow,24,LAD,NL,3,0,1,2.6,26,0,4,0,0,1,34.2,20,10,10,5,13,0,43,0,0,2,134,139,3.57,0.952,5.2,1.3,3.4,11.2,3.31
758,Ross Wolf,30,TEX,AL,1,3,0.25,4.15,22,3,10,0,0,0,47.2,58,24,22,5,15,1,21,1,0,2,207,100,4.54,1.531,11,0.9,2.8,4,1.4
759,Alex Wood,22,ATL,NL,3,3,0.5,3.13,31,11,9,0,0,0,77.2,76,29,27,3,27,1,77,1,2,4,327,120,2.65,1.326,8.8,0.3,3.1,8.9,2.85
760,Blake Wood,27,CLE,AL,0,0,,0,2,0,1,0,0,0,1.1,1,0,0,0,3,0,1,0,0,0,8,,8.3,3,6.8,0,20.3,6.8,0.33
761,Travis Wood,26,CHC,NL,9,12,0.429,3.11,32,32,0,0,0,0,200,163,73,69,18,66,2,144,8,0,6,821,124,3.89,1.145,7.3,0.8,3,6.5,2.18
762,Rob Wooten,27,MIL,NL,3,1,0.75,3.9,27,0,6,0,0,0,27.2,27,12,12,1,8,2,18,1,0,0,115,100,3.19,1.265,8.8,0.3,2.6,5.9,2.25
763,Brandon Workman,24,BOS,AL,6,3,0.667,4.97,20,3,5,0,0,0,41.2,44,23,23,5,15,1,47,0,0,1,180,84,3.43,1.416,9.5,1.1,3.2,10.2,3.13
764,Vance Worley,25,MIN,AL,1,5,0.167,7.21,10,10,0,0,0,0,48.2,82,43,39,9,15,1,25,3,0,1,234,57,5.53,1.993,15.2,1.7,2.8,4.6,1.67
765,Jamey Wright,38,TBR,AL,2,2,0.5,3.09,66,1,15,0,0,0,70,61,25,24,4,23,3,65,5,0,5,288,125,3.13,1.2,7.8,0.5,3,8.4,2.83
766,Steven Wright,28,BOS,AL,2,0,1,5.4,4,1,2,0,0,0,13.1,12,8,8,0,9,0,10,1,0,2,59,78,3.8,1.575,8.1,0,6.1,6.8,1.11
767,Wesley Wright,28,TOT,AL,0,4,0,3.69,70,0,17,0,0,0,53.2,54,24,22,7,19,2,55,3,0,2,232,110,3.92,1.36,9.1,1.2,3.2,9.2,2.89
768,Wesley Wright,28,HOU,AL,0,4,0,3.92,54,0,13,0,0,0,41.1,45,20,18,5,16,2,40,3,0,2,184,104,4.06,1.476,9.8,1.1,3.5,8.7,2.5
769,Wesley Wright,28,TBR,AL,0,0,,2.92,16,0,4,0,0,0,12.1,9,4,4,2,3,0,15,0,0,0,48,136,3.45,0.973,6.6,1.5,2.2,10.9,5
770,Mike Zagurski,30,TOT,MLB,0,0,,17.05,7,0,2,0,0,0,6.1,11,12,12,1,8,0,5,2,0,3,40,24,8.26,3,15.6,1.4,11.4,7.1,0.63
771,Mike Zagurski,30,PIT,NL,0,0,,15,6,0,2,0,0,0,6,10,10,10,1,8,0,5,1,0,3,37,25,8.05,3,15,1.5,12,7.5,0.63
772,Mike Zagurski,30,NYY,AL,0,0,,54,1,0,0,0,0,0,0.1,1,2,2,0,0,0,0,1,0,0,3,16,12.05,3,27,0,0,0,
773,Josh Zeid,26,HOU,AL,0,1,0,3.9,25,0,6,0,0,1,27.2,26,12,12,3,12,1,24,1,0,2,118,105,4.13,1.373,8.5,1,3.9,7.8,2
774,Brad Ziegler,33,ARI,NL,8,1,0.889,2.22,78,0,33,0,0,13,73,61,20,18,3,22,6,44,3,0,0,297,174,3.4,1.137,7.5,0.4,2.7,5.4,2
775,Jordan Zimmermann,27,WSN,NL,19,9,0.679,3.25,32,32,0,4,2,0,213.1,192,81,77,19,40,0,161,7,0,3,865,116,3.36,1.088,8.1,0.8,1.7,6.8,4.03
776,Barry Zito,35,SFG,NL,5,11,0.313,5.74,30,25,4,0,0,0,133.1,173,94,85,19,54,2,86,4,1,5,608,60,4.92,1.703,11.7,1.3,3.6,5.8,1.59
,LgAvg per 180 IP,,,,10,10,0.496,3.91,80,20,20,1,0,5,180,174,84,78,19,61,4,151,6,1,7,764,100,3.9,1.306,8.7,1,3,7.6,2.49