,Favorite-BatAge,Favorite-R/G,Favorite-PA,Favorite-AB,Favorite-H,Favorite-2B,Favorite-3B,Favorite-HR,Favorite-BB,Favorite-SO,Favorite-BA,Favorite-OBP,Favorite-SLG,Favorite-OPS,Favorite-TB,Favorite-HBP,Favorite-LOB,Result,Distance,BatAge,R/G,PA,AB,H,2B,3B,HR,BB,SO,BA,OBP,SLG,OPS,TB,HBP,LOB,ERA_Starting,ERA_Opposing,CG_Starting,CG_Opposing,IP_Starting,IP_Opposing,ERA+_Starting ,ERA+_Opposing,FIP_Starting,FIP_Opposing
109,28.2,4.92,6146.0,5453.0,1390.0,278.0,18.0,205.0,565.0,1197.0,0.255,0.32899999999999996,0.425,0.754,2319.0,61.0,1052.0,1,3039.78,29.8,4.18,6087,5513,1402,256,32,176,430,1221,0.254,0.314,0.408,0.722,2250,70,1084,2.58,6.4,0.8,1.53,300.0,57.0,1.0,0.0,223.0,71.2
110,28.2,4.92,6146.0,5453.0,1390.0,278.0,18.0,205.0,565.0,1197.0,0.255,0.32899999999999996,0.425,0.754,2319.0,61.0,1052.0,1,3039.78,29.8,4.18,6087,5513,1402,256,32,176,430,1221,0.254,0.314,0.408,0.722,2250,70,1084,2.5,3.99,0.89,1.31,326.0,147.0,0.0,0.0,212.1,203.0
111,28.2,4.92,6146.0,5453.0,1390.0,278.0,18.0,205.0,565.0,1197.0,0.255,0.32899999999999996,0.425,0.754,2319.0,61.0,1052.0,1,3039.78,29.8,4.18,6087,5513,1402,256,32,176,430,1221,0.254,0.314,0.408,0.722,2250,70,1084,5.59,4.21,1.81,1.4649999999999999,19.0,23.5,0.0,0.0,19.1,27.55
112,28.2,4.92,6146.0,5453.0,1390.0,278.0,18.0,205.0,565.0,1197.0,0.255,0.32899999999999996,0.425,0.754,2319.0,61.0,1052.0,1,3039.78,29.8,4.18,6087,5513,1402,256,32,176,430,1221,0.254,0.314,0.408,0.722,2250,70,1084,3.98,7.71,1.34,1.5,140.0,2.0,0.0,0.0,167.1,4.2
113,28.2,4.92,6146.0,5453.0,1390.0,278.0,18.0,205.0,565.0,1197.0,0.255,0.32899999999999996,0.425,0.754,2319.0,61.0,1052.0,0,3039.78,29.8,4.18,6087,5513,1402,256,32,176,430,1221,0.254,0.314,0.408,0.722,2250,70,1084,4.12,4.31,1.19,1.315,96.0,63.5,0.0,0.5,91.2,98.5
114,28.2,4.92,6146.0,5453.0,1390.0,278.0,18.0,205.0,565.0,1197.0,0.255,0.32899999999999996,0.425,0.754,2319.0,61.0,1052.0,1,3039.78,29.8,4.18,6087,5513,1402,256,32,176,430,1221,0.254,0.314,0.408,0.722,2250,70,1084,2.58,8.6975,0.8,1.8599999999999999,300.0,16.75,1.0,0.0,223.0,12.05
115,28.2,4.92,6146.0,5453.0,1390.0,278.0,18.0,205.0,565.0,1197.0,0.255,0.32899999999999996,0.425,0.754,2319.0,61.0,1052.0,1,-3039.78,29.8,4.18,6087,5513,1402,256,32,176,430,1221,0.254,0.314,0.408,0.722,2250,70,1084,3.98,4.66,1.34,1.66,140.0,10.0,0.0,0.0,167.1,9.2
116,28.2,4.92,6146.0,5453.0,1390.0,278.0,18.0,205.0,565.0,1197.0,0.255,0.32899999999999996,0.425,0.754,2319.0,61.0,1052.0,1,-3039.78,29.8,4.18,6087,5513,1402,256,32,176,430,1221,0.254,0.314,0.408,0.722,2250,70,1084,2.58,5.46,0.8,1.52,300.0,116.0,1.0,1.0,223.0,161.2
117,28.2,4.92,6146.0,5453.0,1390.0,278.0,18.0,205.0,565.0,1197.0,0.255,0.32899999999999996,0.425,0.754,2319.0,61.0,1052.0,1,-3039.78,29.8,4.18,6087,5513,1402,256,32,176,430,1221,0.254,0.314,0.408,0.722,2250,70,1084,2.5,3.99,0.89,1.31,326.0,147.0,0.0,0.0,212.1,203.0
118,28.2,4.92,6146.0,5453.0,1390.0,278.0,18.0,205.0,565.0,1197.0,0.255,0.32899999999999996,0.425,0.754,2319.0,61.0,1052.0,1,-3039.78,29.8,4.18,6087,5513,1402,256,32,176,430,1221,0.254,0.314,0.408,0.722,2250,70,1084,3.98,5.46,1.34,1.52,140.0,116.0,0.0,1.0,167.1,161.2
119,28.2,4.92,6146.0,5453.0,1390.0,278.0,18.0,205.0,565.0,1197.0,0.255,0.32899999999999996,0.425,0.754,2319.0,61.0,1052.0,1,-3039.78,29.8,4.18,6087,5513,1402,256,32,176,430,1221,0.254,0.314,0.408,0.722,2250,70,1084,5.445,3.99,1.46,1.31,57.5,147.0,0.0,0.0,65.2,203.0
120,28.2,4.92,6146.0,5453.0,1390.0,278.0,18.0,205.0,565.0,1197.0,0.255,0.32899999999999996,0.425,0.754,2319.0,61.0,1052.0,1,-3039.78,29.8,4.18,6087,5513,1402,256,32,176,430,1221,0.254,0.314,0.408,0.722,2250,70,1084,2.58,2.35,0.8,1.04,300.0,27.0,1.0,0.0,223.0,23.0
121,28.2,4.92,6146.0,5453.0,1390.0,278.0,18.0,205.0,565.0,1197.0,0.255,0.32899999999999996,0.425,0.754,2319.0,61.0,1052.0,1,-3039.78,29.8,4.18,6087,5513,1402,256,32,176,430,1221,0.254,0.314,0.408,0.722,2250,70,1084,3.98,3.99,1.34,1.31,140.0,147.0,0.0,0.0,167.1,203.0
122,28.2,4.92,6146.0,5453.0,1390.0,278.0,18.0,205.0,565.0,1197.0,0.255,0.32899999999999996,0.425,0.754,2319.0,61.0,1052.0,1,-3039.78,29.8,4.18,6087,5513,1402,256,32,176,430,1221,0.254,0.314,0.408,0.722,2250,70,1084,5.86,6.0,1.67,1.67,68.0,11.0,0.0,0.0,70.2,21.0
123,28.2,4.92,6146.0,5453.0,1390.0,278.0,18.0,205.0,565.0,1197.0,0.255,0.32899999999999996,0.425,0.754,2319.0,61.0,1052.0,1,-3039.78,29.8,4.18,6087,5513,1402,256,32,176,430,1221,0.254,0.314,0.408,0.722,2250,70,1084,2.58,5.46,0.8,1.52,300.0,116.0,1.0,1.0,223.0,161.2
124,28.2,4.92,6146.0,5453.0,1390.0,278.0,18.0,205.0,565.0,1197.0,0.255,0.32899999999999996,0.425,0.754,2319.0,61.0,1052.0,1,-3039.78,29.8,4.18,6087,5513,1402,256,32,176,430,1221,0.254,0.314,0.408,0.722,2250,70,1084,2.5,6.4,0.89,1.53,326.0,57.0,0.0,0.0,212.1,71.2
125,28.2,4.92,6146.0,5453.0,1390.0,278.0,18.0,205.0,565.0,1197.0,0.255,0.32899999999999996,0.425,0.754,2319.0,61.0,1052.0,1,3039.78,29.8,4.18,6087,5513,1402,256,32,176,430,1221,0.254,0.314,0.408,0.722,2250,70,1084,2.5,2.7,0.89,1.65,326.0,5.0,0.0,0.0,212.1,6.2
126,28.2,4.92,6146.0,5453.0,1390.0,278.0,18.0,205.0,565.0,1197.0,0.255,0.32899999999999996,0.425,0.754,2319.0,61.0,1052.0,1,3039.78,29.8,4.18,6087,5513,1402,256,32,176,430,1221,0.254,0.314,0.408,0.722,2250,70,1084,2.96,5.46,1.01,1.52,93.5,116.0,0.0,1.0,104.1,161.2
127,28.2,4.92,6146.0,5453.0,1390.0,278.0,18.0,205.0,565.0,1197.0,0.255,0.32899999999999996,0.425,0.754,2319.0,61.0,1052.0,0,1096.82,28.0,4.69,6200,5498,1369,248,9,205,525,1380,0.249,0.321,0.409,0.73,2250,80,1101,3.95,2.75,1.1,0.97,40.0,231.0,0.0,0.0,41.0,196.1
128,28.2,4.92,6146.0,5453.0,1390.0,278.0,18.0,205.0,565.0,1197.0,0.255,0.32899999999999996,0.425,0.754,2319.0,61.0,1052.0,1,1096.82,28.0,4.69,6200,5498,1369,248,9,205,525,1380,0.249,0.321,0.409,0.73,2250,80,1101,2.5,3.7,0.89,1.27,326.0,52.0,0.0,0.0,212.1,48.2
129,28.2,4.92,6146.0,5453.0,1390.0,278.0,18.0,205.0,565.0,1197.0,0.255,0.32899999999999996,0.425,0.754,2319.0,61.0,1052.0,1,1096.82,28.0,4.69,6200,5498,1369,248,9,205,525,1380,0.249,0.321,0.409,0.73,2250,80,1101,3.98,3.35,1.34,1.41,140.0,136.0,0.0,0.0,167.1,174.2
130,28.2,4.92,6146.0,5453.0,1390.0,278.0,18.0,205.0,565.0,1197.0,0.255,0.32899999999999996,0.425,0.754,2319.0,61.0,1052.0,1,1260.34,27.1,4.42,6195,5475,1415,274,43,150,540,1388,0.258,0.33299999999999996,0.406,0.74,2225,101,1156,2.58,4.29,0.8,1.27,300.0,147.0,1.0,0.0,223.0,107.0
131,28.2,4.92,6146.0,5453.0,1390.0,278.0,18.0,205.0,565.0,1197.0,0.255,0.32899999999999996,0.425,0.754,2319.0,61.0,1052.0,0,1260.34,27.1,4.42,6195,5475,1415,274,43,150,540,1388,0.258,0.33299999999999996,0.406,0.74,2225,101,1156,2.5,3.05,0.89,1.08,326.0,240.0,0.0,0.0,212.1,194.2
132,28.2,4.92,6146.0,5453.0,1390.0,278.0,18.0,205.0,565.0,1197.0,0.255,0.32899999999999996,0.425,0.754,2319.0,61.0,1052.0,0,1260.34,27.1,4.42,6195,5475,1415,274,43,150,540,1388,0.258,0.33299999999999996,0.406,0.74,2225,101,1156,4.7,1.78,1.23,0.89,82.0,76.0,0.0,0.0,74.2,60.2
133,28.2,4.92,6146.0,5453.0,1390.0,278.0,18.0,205.0,565.0,1197.0,0.255,0.32899999999999996,0.425,0.754,2319.0,61.0,1052.0,0,1260.34,27.1,4.42,6195,5475,1415,274,43,150,540,1388,0.258,0.33299999999999996,0.406,0.74,2225,101,1156,3.98,3.85,1.34,1.05,140.0,114.0,0.0,0.0,167.1,133.1
103,28.2,4.92,6146.0,5453.0,1390.0,278.0,18.0,205.0,565.0,1197.0,0.255,0.32899999999999996,0.425,0.754,2319.0,61.0,1052.0,1,-2624.74,28.0,5.02,6255,5579,1407,322,20,227,550,1381,0.252,0.325,0.439,0.764,2450,76,1085,3.74,3.76,1.31,1.19,153.0,100.0,0.0,0.0,204.2,110.0
104,28.2,4.92,6146.0,5453.0,1390.0,278.0,18.0,205.0,565.0,1197.0,0.255,0.32899999999999996,0.425,0.754,2319.0,61.0,1052.0,0,-2095.92,26.8,3.81,6059,5486,1289,250,30,162,471,1523,0.235,0.297,0.38,0.677,2085,31,1028,3.86,7.05,1.17,1.88,142.0,39.0,0.0,0.0,128.1,44.2
105,28.2,4.92,6146.0,5453.0,1390.0,278.0,18.0,205.0,565.0,1197.0,0.255,0.32899999999999996,0.425,0.754,2319.0,61.0,1052.0,1,-2095.92,26.8,3.81,6059,5486,1289,250,30,162,471,1523,0.235,0.297,0.38,0.677,2085,31,1028,2.88,5.42,1.03,1.75,276.0,38.0,1.0,0.0,200.1,73.0
106,28.2,4.92,6146.0,5453.0,1390.0,278.0,18.0,205.0,565.0,1197.0,0.255,0.32899999999999996,0.425,0.754,2319.0,61.0,1052.0,1,-2095.92,26.8,3.81,6059,5486,1289,250,30,162,471,1523,0.235,0.297,0.38,0.677,2085,31,1028,3.13,3.59,1.16,1.2349999999999999,201.0,61.0,0.0,0.0,167.0,74.6
107,28.2,4.92,6146.0,5453.0,1390.0,278.0,18.0,205.0,565.0,1197.0,0.255,0.32899999999999996,0.425,0.754,2319.0,61.0,1052.0,0,3039.78,29.8,4.18,6087,5513,1402,256,32,176,430,1221,0.254,0.314,0.408,0.722,2250,70,1084,3.74,3.76,1.31,1.1,153.0,208.0,0.0,1.0,204.2,160.1
108,28.2,4.92,6146.0,5453.0,1390.0,278.0,18.0,205.0,565.0,1197.0,0.255,0.32899999999999996,0.425,0.754,2319.0,61.0,1052.0,1,3039.78,29.8,4.18,6087,5513,1402,256,32,176,430,1221,0.254,0.314,0.408,0.722,2250,70,1084,3.86,1.8,1.17,2.0,142.0,5.0,0.0,0.0,128.1,5.0
109,28.2,4.92,6146.0,5453.0,1390.0,278.0,18.0,205.0,565.0,1197.0,0.255,0.32899999999999996,0.425,0.754,2319.0,61.0,1052.0,1,3039.78,29.8,4.18,6087,5513,1402,256,32,176,430,1221,0.254,0.314,0.408,0.722,2250,70,1084,2.88,4.36,1.03,1.3,276.0,119.0,1.0,0.0,200.1,185.2
110,28.2,4.92,6146.0,5453.0,1390.0,278.0,18.0,205.0,565.0,1197.0,0.255,0.32899999999999996,0.425,0.754,2319.0,61.0,1052.0,1,3039.78,29.8,4.18,6087,5513,1402,256,32,176,430,1221,0.254,0.314,0.408,0.722,2250,70,1084,3.13,4.0,1.16,1.22,201.0,145.0,0.0,0.0,167.0,166.2
111,28.2,4.92,6146.0,5453.0,1390.0,278.0,18.0,205.0,565.0,1197.0,0.255,0.32899999999999996,0.425,0.754,2319.0,61.0,1052.0,0,-3039.78,29.8,4.18,6087,5513,1402,256,32,176,430,1221,0.254,0.314,0.408,0.722,2250,70,1084,3.74,3.76,1.31,1.1,153.0,208.0,0.0,1.0,204.2,160.1
112,28.2,4.92,6146.0,5453.0,1390.0,278.0,18.0,205.0,565.0,1197.0,0.255,0.32899999999999996,0.425,0.754,2319.0,61.0,1052.0,1,-3039.78,29.8,4.18,6087,5513,1402,256,32,176,430,1221,0.254,0.314,0.408,0.722,2250,70,1084,3.86,3.72,1.17,1.18,142.0,130.0,0.0,0.0,128.1,162.0
113,28.2,4.92,6146.0,5453.0,1390.0,278.0,18.0,205.0,565.0,1197.0,0.255,0.32899999999999996,0.425,0.754,2319.0,61.0,1052.0,0,3039.78,29.8,4.18,6087,5513,1402,256,32,176,430,1221,0.254,0.314,0.408,0.722,2250,70,1084,2.88,3.76,1.03,1.1,276.0,208.0,1.0,1.0,200.1,160.1
114,28.2,4.92,6146.0,5453.0,1390.0,278.0,18.0,205.0,565.0,1197.0,0.255,0.32899999999999996,0.425,0.754,2319.0,61.0,1052.0,1,3039.78,29.8,4.18,6087,5513,1402,256,32,176,430,1221,0.254,0.314,0.408,0.722,2250,70,1084,3.13,4.36,1.16,1.3,201.0,119.0,0.0,0.0,167.0,185.2
115,28.2,4.92,6146.0,5453.0,1390.0,278.0,18.0,205.0,565.0,1197.0,0.255,0.32899999999999996,0.425,0.754,2319.0,61.0,1052.0,1,3039.78,29.8,4.18,6087,5513,1402,256,32,176,430,1221,0.254,0.314,0.408,0.722,2250,70,1084,3.74,3.72,1.31,1.18,153.0,130.0,0.0,0.0,204.2,162.0
116,28.2,4.92,6146.0,5453.0,1390.0,278.0,18.0,205.0,565.0,1197.0,0.255,0.32899999999999996,0.425,0.754,2319.0,61.0,1052.0,0,-3039.78,29.8,4.18,6087,5513,1402,256,32,176,430,1221,0.254,0.314,0.408,0.722,2250,70,1084,2.52,3.76,0.9,1.1,290.0,208.0,1.0,1.0,214.0,160.1
117,28.2,4.92,6146.0,5453.0,1390.0,278.0,18.0,205.0,565.0,1197.0,0.255,0.32899999999999996,0.425,0.754,2319.0,61.0,1052.0,0,-3039.78,29.8,4.18,6087,5513,1402,256,32,176,430,1221,0.254,0.314,0.408,0.722,2250,70,1084,2.88,4.36,1.03,1.3,276.0,119.0,1.0,0.0,200.1,185.2
118,28.2,4.92,6146.0,5453.0,1390.0,278.0,18.0,205.0,565.0,1197.0,0.255,0.32899999999999996,0.425,0.754,2319.0,61.0,1052.0,0,-3039.78,29.8,4.18,6087,5513,1402,256,32,176,430,1221,0.254,0.314,0.408,0.722,2250,70,1084,3.13,3.72,1.16,1.18,201.0,130.0,0.0,0.0,167.0,162.0
119,28.2,4.92,6146.0,5453.0,1390.0,278.0,18.0,205.0,565.0,1197.0,0.255,0.32899999999999996,0.425,0.754,2319.0,61.0,1052.0,0,-3039.78,29.8,4.18,6087,5513,1402,256,32,176,430,1221,0.254,0.314,0.408,0.722,2250,70,1084,3.74,6.5,1.31,1.4,153.0,33.0,0.0,0.0,204.2,45.2
120,28.2,4.92,6146.0,5453.0,1390.0,278.0,18.0,205.0,565.0,1197.0,0.255,0.32899999999999996,0.425,0.754,2319.0,61.0,1052.0,0,3039.78,29.8,4.18,6087,5513,1402,256,32,176,430,1221,0.254,0.314,0.408,0.722,2250,70,1084,2.88,5.55,1.03,1.4,276.0,125.0,1.0,0.0,200.1,155.2
121,28.2,4.92,6146.0,5453.0,1390.0,278.0,18.0,205.0,565.0,1197.0,0.255,0.32899999999999996,0.425,0.754,2319.0,61.0,1052.0,1,3039.78,29.8,4.18,6087,5513,1402,256,32,176,430,1221,0.254,0.314,0.408,0.722,2250,70,1084,3.46,3.99,1.17,1.15,96.0,56.0,0.0,0.0,65.0,56.1
122,28.2,4.92,6146.0,5453.0,1390.0,278.0,18.0,205.0,565.0,1197.0,0.255,0.32899999999999996,0.425,0.754,2319.0,61.0,1052.0,1,3039.78,29.8,4.18,6087,5513,1402,256,32,176,430,1221,0.254,0.314,0.408,0.722,2250,70,1084,3.13,4.0,1.16,1.22,201.0,145.0,0.0,0.0,167.0,166.2
123,28.2,4.92,6146.0,5453.0,1390.0,278.0,18.0,205.0,565.0,1197.0,0.255,0.32899999999999996,0.425,0.754,2319.0,61.0,1052.0,0,-3039.78,29.8,4.18,6087,5513,1402,256,32,176,430,1221,0.254,0.314,0.408,0.722,2250,70,1084,2.19,3.72,1.24,1.18,34.0,130.0,0.0,0.0,37.0,162.0
125,28.2,4.92,6146.0,5453.0,1390.0,278.0,18.0,205.0,565.0,1197.0,0.255,0.32899999999999996,0.425,0.754,2319.0,61.0,1052.0,0,-3039.78,29.8,4.18,6087,5513,1402,256,32,176,430,1221,0.254,0.314,0.408,0.722,2250,70,1084,3.74,2.16,1.31,1.8,153.0,4.0,0.0,0.0,204.2,8.1
126,28.2,4.92,6146.0,5453.0,1390.0,278.0,18.0,205.0,565.0,1197.0,0.255,0.32899999999999996,0.425,0.754,2319.0,61.0,1052.0,1,-2640.91,29.8,3.72,6113,5541,1324,255,30,133,448,1467,0.239,0.3,0.368,0.667,2038,49,1101,2.88,4.49,1.03,1.3,276.0,130.0,1.0,0.0,200.1,160.1
127,28.2,4.92,6146.0,5453.0,1390.0,278.0,18.0,205.0,565.0,1197.0,0.255,0.32899999999999996,0.425,0.754,2319.0,61.0,1052.0,1,-2640.91,29.8,3.72,6113,5541,1324,255,30,133,448,1467,0.239,0.3,0.368,0.667,2038,49,1101,2.52,6.25,0.9,1.63,290.0,30.0,1.0,0.0,214.0,44.2
128,28.2,4.92,6146.0,5453.0,1390.0,278.0,18.0,205.0,565.0,1197.0,0.255,0.32899999999999996,0.425,0.754,2319.0,61.0,1052.0,1,2640.91,29.8,3.72,6113,5541,1324,255,30,133,448,1467,0.239,0.3,0.368,0.667,2038,49,1101,3.13,2.81,1.16,1.13,201.0,89.0,0.0,0.0,167.0,118.1
106,28.8,5.53,6271.0,5611.0,1581.0,346.0,20.0,238.0,509.0,1087.0,0.282,0.34600000000000003,0.478,0.823,2681.0,70.0,1094.0,0,2157.08,26.6,4.26,6133,5535,1382,287,36,174,494,1417,0.25,0.315,0.409,0.723,2263,47,1079,5.22,3.54,1.43,1.21,146.0,184.0,0.0,0.0,153.1,168.0
107,28.8,5.53,6271.0,5611.0,1581.0,346.0,20.0,238.0,509.0,1087.0,0.282,0.34600000000000003,0.478,0.823,2681.0,70.0,1094.0,1,-3039.78,29.5,4.63,6166,5551,1436,281,17,200,487,1267,0.259,0.325,0.424,0.7490000000000001,2351,78,1084,2.9,4.36,1.12,1.29,125.0,78.0,0.0,0.0,145.2,86.2
108,28.8,5.53,6271.0,5611.0,1581.0,346.0,20.0,238.0,509.0,1087.0,0.282,0.34600000000000003,0.478,0.823,2681.0,70.0,1094.0,1,-3039.78,29.5,4.63,6166,5551,1436,281,17,200,487,1267,0.259,0.325,0.424,0.7490000000000001,2351,78,1084,4.25,4.35,1.3,1.26,132.0,16.0,0.0,0.0,118.2,31.0
109,28.8,5.53,6271.0,5611.0,1581.0,346.0,20.0,238.0,509.0,1087.0,0.282,0.34600000000000003,0.478,0.823,2681.0,70.0,1094.0,1,-3039.78,29.5,4.63,6166,5551,1436,281,17,200,487,1267,0.259,0.325,0.424,0.7490000000000001,2351,78,1084,3.62,2.98,1.19,1.1,163.0,156.0,0.0,0.0,146.2,136.0
110,28.8,5.53,6271.0,5611.0,1581.0,346.0,20.0,238.0,509.0,1087.0,0.282,0.34600000000000003,0.478,0.823,2681.0,70.0,1094.0,0,-3039.78,29.5,4.63,6166,5551,1436,281,17,200,487,1267,0.259,0.325,0.424,0.7490000000000001,2351,78,1084,4.77,5.12,1.33,1.27,98.0,137.0,0.0,0.0,109.1,160.0
111,28.8,5.53,6271.0,5611.0,1581.0,346.0,20.0,238.0,509.0,1087.0,0.282,0.34600000000000003,0.478,0.823,2681.0,70.0,1094.0,0,3039.78,29.5,4.63,6166,5551,1436,281,17,200,487,1267,0.259,0.325,0.424,0.7490000000000001,2351,78,1084,3.62,2.98,1.19,1.1,163.0,156.0,0.0,0.0,146.2,136.0
112,28.8,5.53,6271.0,5611.0,1581.0,346.0,20.0,238.0,509.0,1087.0,0.282,0.34600000000000003,0.478,0.823,2681.0,70.0,1094.0,1,3039.78,29.5,4.63,6166,5551,1436,281,17,200,487,1267,0.259,0.325,0.424,0.7490000000000001,2351,78,1084,4.77,5.12,1.33,1.27,98.0,137.0,0.0,0.0,109.1,160.0
113,28.8,5.53,6271.0,5611.0,1581.0,346.0,20.0,238.0,509.0,1087.0,0.282,0.34600000000000003,0.478,0.823,2681.0,70.0,1094.0,1,3039.78,29.5,4.63,6166,5551,1436,281,17,200,487,1267,0.259,0.325,0.424,0.7490000000000001,2351,78,1084,5.22,5.72,1.43,1.52,146.0,94.0,0.0,0.0,153.1,130.2
114,28.8,5.53,6271.0,5611.0,1581.0,346.0,20.0,238.0,509.0,1087.0,0.282,0.34600000000000003,0.478,0.823,2681.0,70.0,1094.0,0,3039.78,29.5,4.63,6166,5551,1436,281,17,200,487,1267,0.259,0.325,0.424,0.7490000000000001,2351,78,1084,4.77,4.36,1.33,1.29,98.0,78.0,0.0,0.0,109.1,86.2
115,28.8,5.53,6271.0,5611.0,1581.0,346.0,20.0,238.0,509.0,1087.0,0.282,0.34600000000000003,0.478,0.823,2681.0,70.0,1094.0,1,3039.78,29.5,4.63,6166,5551,1436,281,17,200,487,1267,0.259,0.325,0.424,0.7490000000000001,2351,78,1084,4.25,3.81,1.3,1.425,132.0,24.5,0.0,0.0,118.2,37.05
116,28.8,5.53,6271.0,5611.0,1581.0,346.0,20.0,238.0,509.0,1087.0,0.282,0.34600000000000003,0.478,0.823,2681.0,70.0,1094.0,1,3039.78,29.5,4.63,6166,5551,1436,281,17,200,487,1267,0.259,0.325,0.424,0.7490000000000001,2351,78,1084,5.8,5.12,1.51,1.27,69.0,137.0,0.0,0.0,54.1,160.0
117,28.8,5.53,6271.0,5611.0,1581.0,346.0,20.0,238.0,509.0,1087.0,0.282,0.34600000000000003,0.478,0.823,2681.0,70.0,1094.0,0,-3039.78,29.5,4.63,6166,5551,1436,281,17,200,487,1267,0.259,0.325,0.424,0.7490000000000001,2351,78,1084,4.25,5.12,1.3,1.27,132.0,137.0,0.0,0.0,118.2,160.0
118,28.8,5.53,6271.0,5611.0,1581.0,346.0,20.0,238.0,509.0,1087.0,0.282,0.34600000000000003,0.478,0.823,2681.0,70.0,1094.0,1,-3039.78,29.5,4.63,6166,5551,1436,281,17,200,487,1267,0.259,0.325,0.424,0.7490000000000001,2351,78,1084,3.0,3.81,1.19,1.425,161.0,24.5,0.0,0.0,132.0,37.05
119,28.8,5.53,6271.0,5611.0,1581.0,346.0,20.0,238.0,509.0,1087.0,0.282,0.34600000000000003,0.478,0.823,2681.0,70.0,1094.0,0,-3039.78,29.5,4.63,6166,5551,1436,281,17,200,487,1267,0.259,0.325,0.424,0.7490000000000001,2351,78,1084,3.62,2.98,1.19,1.1,163.0,156.0,0.0,0.0,146.2,136.0
120,28.8,5.53,6271.0,5611.0,1581.0,346.0,20.0,238.0,509.0,1087.0,0.282,0.34600000000000003,0.478,0.823,2681.0,70.0,1094.0,1,3039.78,29.5,4.63,6166,5551,1436,281,17,200,487,1267,0.259,0.325,0.424,0.7490000000000001,2351,78,1084,2.9,4.359999999999999,1.12,1.17,125.0,54.5,0.0,0.0,145.2,65.55
121,28.8,5.53,6271.0,5611.0,1581.0,346.0,20.0,238.0,509.0,1087.0,0.282,0.34600000000000003,0.478,0.823,2681.0,70.0,1094.0,1,3039.78,29.5,4.63,6166,5551,1436,281,17,200,487,1267,0.259,0.325,0.424,0.7490000000000001,2351,78,1084,2.44,5.12,0.9650000000000001,1.27,109.5,137.0,0.0,0.0,103.0,160.0
122,28.8,5.53,6271.0,5611.0,1581.0,346.0,20.0,238.0,509.0,1087.0,0.282,0.34600000000000003,0.478,0.823,2681.0,70.0,1094.0,1,3039.78,29.5,4.63,6166,5551,1436,281,17,200,487,1267,0.259,0.325,0.424,0.7490000000000001,2351,78,1084,4.25,5.34,1.3,1.15,132.0,31.0,0.0,0.0,118.2,59.0
123,28.8,5.53,6271.0,5611.0,1581.0,346.0,20.0,238.0,509.0,1087.0,0.282,0.34600000000000003,0.478,0.823,2681.0,70.0,1094.0,1,-3039.78,29.5,4.63,6166,5551,1436,281,17,200,487,1267,0.259,0.325,0.424,0.7490000000000001,2351,78,1084,3.62,2.98,1.19,1.1,163.0,156.0,0.0,0.0,146.2,136.0
124,28.8,5.53,6271.0,5611.0,1581.0,346.0,20.0,238.0,509.0,1087.0,0.282,0.34600000000000003,0.478,0.823,2681.0,70.0,1094.0,1,-3039.78,29.5,4.63,6166,5551,1436,281,17,200,487,1267,0.259,0.325,0.424,0.7490000000000001,2351,78,1084,2.9,4.359999999999999,1.12,1.17,125.0,54.5,0.0,0.0,145.2,65.55
125,28.8,5.53,6271.0,5611.0,1581.0,346.0,20.0,238.0,509.0,1087.0,0.282,0.34600000000000003,0.478,0.823,2681.0,70.0,1094.0,1,-3039.78,29.5,4.63,6166,5551,1436,281,17,200,487,1267,0.259,0.325,0.424,0.7490000000000001,2351,78,1084,2.44,5.34,0.9650000000000001,1.15,109.5,31.0,0.0,0.0,103.0,59.0
126,28.8,5.53,6271.0,5611.0,1581.0,346.0,20.0,238.0,509.0,1087.0,0.282,0.34600000000000003,0.478,0.823,2681.0,70.0,1094.0,1,1260.34,28.3,4.28,6147,5478,1340,226,32,228,545,1538,0.245,0.317,0.42200000000000004,0.7390000000000001,2314,55,1114,5.22,3.66,1.43,1.22,146.0,128.0,0.0,0.0,153.1,179.1
127,28.8,5.53,6271.0,5611.0,1581.0,346.0,20.0,238.0,509.0,1087.0,0.282,0.34600000000000003,0.478,0.823,2681.0,70.0,1094.0,0,1260.34,28.3,4.28,6147,5478,1340,226,32,228,545,1538,0.245,0.317,0.42200000000000004,0.7390000000000001,2314,55,1114,3.62,4.04,1.19,1.33,163.0,119.0,0.0,0.0,146.2,129.1
128,28.8,5.53,6271.0,5611.0,1581.0,346.0,20.0,238.0,509.0,1087.0,0.282,0.34600000000000003,0.478,0.823,2681.0,70.0,1094.0,1,1260.34,28.3,4.28,6147,5478,1340,226,32,228,545,1538,0.245,0.317,0.42200000000000004,0.7390000000000001,2314,55,1114,4.77,4.5,1.33,1.37,98.0,76.0,0.0,0.0,109.1,86.0
129,28.8,5.53,6271.0,5611.0,1581.0,346.0,20.0,238.0,509.0,1087.0,0.282,0.34600000000000003,0.478,0.823,2681.0,70.0,1094.0,1,-1260.34,28.3,4.28,6147,5478,1340,226,32,228,545,1538,0.245,0.317,0.42200000000000004,0.7390000000000001,2314,55,1114,3.62,3.66,1.19,1.22,163.0,128.0,0.0,0.0,146.2,179.1
130,28.8,5.53,6271.0,5611.0,1581.0,346.0,20.0,238.0,509.0,1087.0,0.282,0.34600000000000003,0.478,0.823,2681.0,70.0,1094.0,0,-1260.34,28.3,4.28,6147,5478,1340,226,32,228,545,1538,0.245,0.317,0.42200000000000004,0.7390000000000001,2314,55,1114,5.22,4.07,1.43,1.26,146.0,249.0,0.0,0.0,153.1,201.0
102,26.4,4.47,6204.0,5545.0,1367.0,291.0,29.0,198.0,554.0,1452.0,0.247,0.319,0.41700000000000004,0.735,2310.0,47.0,1086.0,1,2624.74,28.7,4.03,6022,5500,1352,270,21,169,442,1145,0.24600000000000002,0.304,0.395,0.6990000000000001,2171,33,1036,4.06,3.86,1.21,1.19,55.0,124.0,0.0,0.0,62.0,144.2
103,26.4,4.47,6204.0,5545.0,1367.0,291.0,29.0,198.0,554.0,1452.0,0.247,0.319,0.41700000000000004,0.735,2310.0,47.0,1086.0,1,2624.74,28.7,4.03,6022,5500,1352,270,21,169,442,1145,0.24600000000000002,0.304,0.395,0.6990000000000001,2171,33,1036,4.34,6.5,1.41,1.61,177.0,71.0,0.0,0.0,184.2,72.0
104,26.4,4.47,6204.0,5545.0,1367.0,291.0,29.0,198.0,554.0,1452.0,0.247,0.319,0.41700000000000004,0.735,2310.0,47.0,1086.0,1,1831.66,28.9,4.5,6261,5542,1426,277,32,153,561,1334,0.257,0.332,0.402,0.7340000000000001,2226,81,1173,4.64,3.38,1.43,1.12,115.0,85.0,0.0,0.0,180.1,104.0
105,26.4,4.47,6204.0,5545.0,1367.0,291.0,29.0,198.0,554.0,1452.0,0.247,0.319,0.41700000000000004,0.735,2310.0,47.0,1086.0,0,1831.66,28.9,4.5,6261,5542,1426,277,32,153,561,1334,0.257,0.332,0.402,0.7340000000000001,2226,81,1173,4.06,3.9800000000000004,1.21,1.23,55.0,63.5,0.0,0.0,62.0,80.65
106,26.4,4.47,6204.0,5545.0,1367.0,291.0,29.0,198.0,554.0,1452.0,0.247,0.319,0.41700000000000004,0.735,2310.0,47.0,1086.0,1,1831.66,28.9,4.5,6261,5542,1426,277,32,153,561,1334,0.257,0.332,0.402,0.7340000000000001,2226,81,1173,4.34,3.88,1.41,1.44,177.0,98.0,0.0,0.0,184.2,116.0
107,26.4,4.47,6204.0,5545.0,1367.0,291.0,29.0,198.0,554.0,1452.0,0.247,0.319,0.41700000000000004,0.735,2310.0,47.0,1086.0,0,3039.78,30.5,4.74,6227,5583,1446,251,17,223,506,1288,0.259,0.326,0.43,0.7559999999999999,2400,72,1099,4.64,4.22,1.43,1.24,115.0,119.0,0.0,1.0,180.1,134.1
109,26.4,4.47,6204.0,5545.0,1367.0,291.0,29.0,198.0,554.0,1452.0,0.247,0.319,0.41700000000000004,0.735,2310.0,47.0,1086.0,1,3039.78,30.5,4.74,6227,5583,1446,251,17,223,506,1288,0.259,0.326,0.43,0.7559999999999999,2400,72,1099,4.34,4.12,1.41,1.33,177.0,147.0,0.0,0.0,184.2,199.0
110,26.4,4.47,6204.0,5545.0,1367.0,291.0,29.0,198.0,554.0,1452.0,0.247,0.319,0.41700000000000004,0.735,2310.0,47.0,1086.0,0,-3039.78,30.5,4.74,6227,5583,1446,251,17,223,506,1288,0.259,0.326,0.43,0.7559999999999999,2400,72,1099,2.16,5.575,0.91,1.46,104.0,68.5,0.0,0.5,108.1,83.0
111,26.4,4.47,6204.0,5545.0,1367.0,291.0,29.0,198.0,554.0,1452.0,0.247,0.319,0.41700000000000004,0.735,2310.0,47.0,1086.0,1,-3039.78,30.5,4.74,6227,5583,1446,251,17,223,506,1288,0.259,0.326,0.43,0.7559999999999999,2400,72,1099,4.64,4.22,1.43,1.24,115.0,119.0,0.0,1.0,180.1,134.1
113,26.4,4.47,6204.0,5545.0,1367.0,291.0,29.0,198.0,554.0,1452.0,0.247,0.319,0.41700000000000004,0.735,2310.0,47.0,1086.0,1,-3039.78,30.5,4.74,6227,5583,1446,251,17,223,506,1288,0.259,0.326,0.43,0.7559999999999999,2400,72,1099,4.34,4.12,1.41,1.33,177.0,147.0,0.0,0.0,184.2,199.0
114,26.4,4.47,6204.0,5545.0,1367.0,291.0,29.0,198.0,554.0,1452.0,0.247,0.319,0.41700000000000004,0.735,2310.0,47.0,1086.0,1,-3039.78,30.5,4.74,6227,5583,1446,251,17,223,506,1288,0.259,0.326,0.43,0.7559999999999999,2400,72,1099,3.22,5.575,1.54,1.46,106.0,68.5,0.0,0.5,81.0,83.0
115,26.4,4.47,6204.0,5545.0,1367.0,291.0,29.0,198.0,554.0,1452.0,0.247,0.319,0.41700000000000004,0.735,2310.0,47.0,1086.0,1,-3039.78,30.5,4.74,6227,5583,1446,251,17,223,506,1288,0.259,0.326,0.43,0.7559999999999999,2400,72,1099,4.55,4.22,1.29,1.24,144.0,119.0,1.0,1.0,168.0,134.1
116,26.4,4.47,6204.0,5545.0,1367.0,291.0,29.0,198.0,554.0,1452.0,0.247,0.319,0.41700000000000004,0.735,2310.0,47.0,1086.0,1,-3039.78,30.5,4.74,6227,5583,1446,251,17,223,506,1288,0.259,0.326,0.43,0.7559999999999999,2400,72,1099,4.48,2.625,1.36,0.985,134.0,25.5,0.0,0.0,168.2,31.0
117,26.4,4.47,6204.0,5545.0,1367.0,291.0,29.0,198.0,554.0,1452.0,0.247,0.319,0.41700000000000004,0.735,2310.0,47.0,1086.0,1,3039.78,30.5,4.74,6227,5583,1446,251,17,223,506,1288,0.259,0.326,0.43,0.7559999999999999,2400,72,1099,4.64,3.79,1.43,1.31,115.0,117.0,0.0,0.0,180.1,121.0
118,26.4,4.47,6204.0,5545.0,1367.0,291.0,29.0,198.0,554.0,1452.0,0.247,0.319,0.41700000000000004,0.735,2310.0,47.0,1086.0,0,3039.78,30.5,4.74,6227,5583,1446,251,17,223,506,1288,0.259,0.326,0.43,0.7559999999999999,2400,72,1099,3.22,4.12,1.54,1.33,106.0,147.0,0.0,0.0,81.0,199.0
119,26.4,4.47,6204.0,5545.0,1367.0,291.0,29.0,198.0,554.0,1452.0,0.247,0.319,0.41700000000000004,0.735,2310.0,47.0,1086.0,1,3039.78,30.5,4.74,6227,5583,1446,251,17,223,506,1288,0.259,0.326,0.43,0.7559999999999999,2400,72,1099,4.34,2.58,1.41,1.195,177.0,46.0,0.0,0.0,184.2,49.650000000000006
120,26.4,4.47,6204.0,5545.0,1367.0,291.0,29.0,198.0,554.0,1452.0,0.247,0.319,0.41700000000000004,0.735,2310.0,47.0,1086.0,1,3039.78,30.5,4.74,6227,5583,1446,251,17,223,506,1288,0.259,0.326,0.43,0.7559999999999999,2400,72,1099,4.34,3.82,1.41,1.32,177.0,122.0,0.0,0.0,184.2,153.1
121,26.4,4.47,6204.0,5545.0,1367.0,291.0,29.0,198.0,554.0,1452.0,0.247,0.319,0.41700000000000004,0.735,2310.0,47.0,1086.0,1,3039.78,30.5,4.74,6227,5583,1446,251,17,223,506,1288,0.259,0.326,0.43,0.7559999999999999,2400,72,1099,4.48,3.79,1.36,1.31,134.0,117.0,0.0,0.0,168.2,121.0
122,26.4,4.47,6204.0,5545.0,1367.0,291.0,29.0,198.0,554.0,1452.0,0.247,0.319,0.41700000000000004,0.735,2310.0,47.0,1086.0,0,3039.78,30.5,4.74,6227,5583,1446,251,17,223,506,1288,0.259,0.326,0.43,0.7559999999999999,2400,72,1099,4.64,8.52,1.43,1.545,115.0,22.0,0.0,0.0,180.1,29.0
123,26.4,4.47,6204.0,5545.0,1367.0,291.0,29.0,198.0,554.0,1452.0,0.247,0.319,0.41700000000000004,0.735,2310.0,47.0,1086.0,0,-3039.78,30.5,4.74,6227,5583,1446,251,17,223,506,1288,0.259,0.326,0.43,0.7559999999999999,2400,72,1099,4.34,4.12,1.41,1.33,177.0,147.0,0.0,0.0,184.2,199.0
124,26.4,4.47,6204.0,5545.0,1367.0,291.0,29.0,198.0,554.0,1452.0,0.247,0.319,0.41700000000000004,0.735,2310.0,47.0,1086.0,1,-3039.78,30.5,4.74,6227,5583,1446,251,17,223,506,1288,0.259,0.326,0.43,0.7559999999999999,2400,72,1099,4.48,3.82,1.36,1.32,134.0,122.0,0.0,0.0,168.2,153.1
125,26.4,4.47,6204.0,5545.0,1367.0,291.0,29.0,198.0,554.0,1452.0,0.247,0.319,0.41700000000000004,0.735,2310.0,47.0,1086.0,0,-3039.78,30.5,4.74,6227,5583,1446,251,17,223,506,1288,0.259,0.326,0.43,0.7559999999999999,2400,72,1099,4.64,3.79,1.43,1.31,115.0,117.0,0.0,0.0,180.1,121.0
126,26.4,4.47,6204.0,5545.0,1367.0,291.0,29.0,198.0,554.0,1452.0,0.247,0.319,0.41700000000000004,0.735,2310.0,47.0,1086.0,1,1096.82,28.5,4.81,6223,5548,1415,299,32,225,526,1318,0.255,0.325,0.442,0.767,2453,70,1113,4.64,4.67,1.43,1.37,115.0,150.0,0.0,1.0,180.1,171.2
127,26.4,4.47,6204.0,5545.0,1367.0,291.0,29.0,198.0,554.0,1452.0,0.247,0.319,0.41700000000000004,0.735,2310.0,47.0,1086.0,1,1096.82,28.5,4.81,6223,5548,1415,299,32,225,526,1318,0.255,0.325,0.442,0.767,2453,70,1113,4.34,4.62,1.41,1.4,177.0,161.0,0.0,1.0,184.2,198.2
128,26.4,4.47,6204.0,5545.0,1367.0,291.0,29.0,198.0,554.0,1452.0,0.247,0.319,0.41700000000000004,0.735,2310.0,47.0,1086.0,0,-1096.82,28.5,4.81,6223,5548,1415,299,32,225,526,1318,0.255,0.325,0.442,0.767,2453,70,1113,4.55,4.67,1.29,1.37,144.0,150.0,1.0,1.0,168.0,171.2
109,26.3,4.5,6073.0,5459.0,1363.0,278.0,26.0,230.0,486.0,1392.0,0.25,0.315,0.43700000000000006,0.752,2383.0,56.0,1036.0,1,-3039.78,28.6,4.05,6131,5544,1379,262,22,198,478,1336,0.249,0.311,0.41100000000000003,0.722,2279,36,1080,3.9,3.9,1.31,1.43,61.0,56.0,0.0,0.0,108.1,67.0
110,26.3,4.5,6073.0,5459.0,1363.0,278.0,26.0,230.0,486.0,1392.0,0.25,0.315,0.43700000000000006,0.752,2383.0,56.0,1036.0,1,-3039.78,28.6,4.05,6131,5544,1379,262,22,198,478,1336,0.249,0.311,0.41100000000000003,0.722,2279,36,1080,6.86,4.14,1.57,1.3,17.0,97.0,0.0,0.0,21.0,115.1
111,26.3,4.5,6073.0,5459.0,1363.0,278.0,26.0,230.0,486.0,1392.0,0.25,0.315,0.43700000000000006,0.752,2383.0,56.0,1036.0,1,-3039.78,28.6,4.05,6131,5544,1379,262,22,198,478,1336,0.249,0.311,0.41100000000000003,0.722,2279,36,1080,3.89,4.56,1.28,1.2,171.0,157.0,0.0,0.0,203.2,169.2
112,26.3,4.5,6073.0,5459.0,1363.0,278.0,26.0,230.0,486.0,1392.0,0.25,0.315,0.43700000000000006,0.752,2383.0,56.0,1036.0,1,-3039.78,28.6,4.05,6131,5544,1379,262,22,198,478,1336,0.249,0.311,0.41100000000000003,0.722,2279,36,1080,4.36,3.245,1.37,1.22,42.0,75.5,0.0,0.0,84.2,85.65
113,26.3,4.5,6073.0,5459.0,1363.0,278.0,26.0,230.0,486.0,1392.0,0.25,0.315,0.43700000000000006,0.752,2383.0,56.0,1036.0,1,-3039.78,28.6,4.05,6131,5544,1379,262,22,198,478,1336,0.249,0.311,0.41100000000000003,0.722,2279,36,1080,4.46,3.53,1.59,1.18,27.0,191.0,0.0,2.0,38.1,201.2
114,26.3,4.5,6073.0,5459.0,1363.0,278.0,26.0,230.0,486.0,1392.0,0.25,0.315,0.43700000000000006,0.752,2383.0,56.0,1036.0,0,-3039.78,28.6,4.05,6131,5544,1379,262,22,198,478,1336,0.249,0.311,0.41100000000000003,0.722,2279,36,1080,3.89,4.6,1.28,1.43,171.0,64.0,0.0,2.0,203.2,90.0
115,26.3,4.5,6073.0,5459.0,1363.0,278.0,26.0,230.0,486.0,1392.0,0.25,0.315,0.43700000000000006,0.752,2383.0,56.0,1036.0,1,-3039.78,28.6,4.05,6131,5544,1379,262,22,198,478,1336,0.249,0.311,0.41100000000000003,0.722,2279,36,1080,3.22,4.14,1.19,1.3,129.0,97.0,0.0,0.0,125.2,115.1
116,26.3,4.5,6073.0,5459.0,1363.0,278.0,26.0,230.0,486.0,1392.0,0.25,0.315,0.43700000000000006,0.752,2383.0,56.0,1036.0,0,3039.78,28.6,4.05,6131,5544,1379,262,22,198,478,1336,0.249,0.311,0.41100000000000003,0.722,2279,36,1080,3.22,4.14,1.19,1.3,129.0,97.0,0.0,0.0,125.2,115.1
117,26.3,4.5,6073.0,5459.0,1363.0,278.0,26.0,230.0,486.0,1392.0,0.25,0.315,0.43700000000000006,0.752,2383.0,56.0,1036.0,0,3039.78,28.6,4.05,6131,5544,1379,262,22,198,478,1336,0.249,0.311,0.41100000000000003,0.722,2279,36,1080,2.48,4.56,1.02,1.2,216.0,157.0,2.0,0.0,232.0,169.2
119,26.3,4.5,6073.0,5459.0,1363.0,278.0,26.0,230.0,486.0,1392.0,0.25,0.315,0.43700000000000006,0.752,2383.0,56.0,1036.0,1,-3039.78,28.6,4.05,6131,5544,1379,262,22,198,478,1336,0.249,0.311,0.41100000000000003,0.722,2279,36,1080,2.48,2.9899999999999998,1.02,1.175,216.0,40.5,2.0,0.0,232.0,44.15
120,26.3,4.5,6073.0,5459.0,1363.0,278.0,26.0,230.0,486.0,1392.0,0.25,0.315,0.43700000000000006,0.752,2383.0,56.0,1036.0,0,-3039.78,28.6,4.05,6131,5544,1379,262,22,198,478,1336,0.249,0.311,0.41100000000000003,0.722,2279,36,1080,3.9,4.14,1.31,1.3,61.0,97.0,0.0,0.0,108.1,115.1
121,26.3,4.5,6073.0,5459.0,1363.0,278.0,26.0,230.0,486.0,1392.0,0.25,0.315,0.43700000000000006,0.752,2383.0,56.0,1036.0,0,-3039.78,28.6,4.05,6131,5544,1379,262,22,198,478,1336,0.249,0.311,0.41100000000000003,0.722,2279,36,1080,3.275,4.56,1.24,1.2,77.5,157.0,0.0,0.0,91.15,169.2
122,26.3,4.5,6073.0,5459.0,1363.0,278.0,26.0,230.0,486.0,1392.0,0.25,0.315,0.43700000000000006,0.752,2383.0,56.0,1036.0,1,3039.78,28.6,4.05,6131,5544,1379,262,22,198,478,1336,0.249,0.311,0.41100000000000003,0.722,2279,36,1080,3.22,4.14,1.19,1.3,129.0,97.0,0.0,0.0,125.2,115.1
123,26.3,4.5,6073.0,5459.0,1363.0,278.0,26.0,230.0,486.0,1392.0,0.25,0.315,0.43700000000000006,0.752,2383.0,56.0,1036.0,0,3039.78,28.6,4.05,6131,5544,1379,262,22,198,478,1336,0.249,0.311,0.41100000000000003,0.722,2279,36,1080,3.605,2.9899999999999998,1.21,1.175,90.0,40.5,0.5,0.0,90.05,44.15
124,26.3,4.5,6073.0,5459.0,1363.0,278.0,26.0,230.0,486.0,1392.0,0.25,0.315,0.43700000000000006,0.752,2383.0,56.0,1036.0,1,3039.78,28.6,4.05,6131,5544,1379,262,22,198,478,1336,0.249,0.311,0.41100000000000003,0.722,2279,36,1080,3.275,2.45,1.24,1.09,77.5,24.0,0.0,0.0,91.15,18.1
125,26.3,4.5,6073.0,5459.0,1363.0,278.0,26.0,230.0,486.0,1392.0,0.25,0.315,0.43700000000000006,0.752,2383.0,56.0,1036.0,0,-2640.91,28.9,4.3,6153,5565,1486,288,39,136,457,1159,0.267,0.326,0.406,0.732,2260,49,1130,3.89,3.95,1.28,1.31,171.0,141.0,0.0,1.0,203.2,177.2
126,26.3,4.5,6073.0,5459.0,1363.0,278.0,26.0,230.0,486.0,1392.0,0.25,0.315,0.43700000000000006,0.752,2383.0,56.0,1036.0,1,-2640.91,28.9,4.3,6153,5565,1486,288,39,136,457,1159,0.267,0.326,0.406,0.732,2260,49,1130,4.46,4.44,1.59,1.38,27.0,64.0,0.0,0.0,38.1,123.2
127,26.3,4.5,6073.0,5459.0,1363.0,278.0,26.0,230.0,486.0,1392.0,0.25,0.315,0.43700000000000006,0.752,2383.0,56.0,1036.0,0,2640.91,28.9,4.3,6153,5565,1486,288,39,136,457,1159,0.267,0.326,0.406,0.732,2260,49,1130,3.275,2.93,1.24,1.01,77.5,234.0,0.0,2.0,91.15,218.1
128,26.3,4.5,6073.0,5459.0,1363.0,278.0,26.0,230.0,486.0,1392.0,0.25,0.315,0.43700000000000006,0.752,2383.0,56.0,1036.0,1,2640.91,28.9,4.3,6153,5565,1486,288,39,136,457,1159,0.267,0.326,0.406,0.732,2260,49,1130,3.9,3.95,1.31,1.31,61.0,141.0,0.0,1.0,108.1,177.2
129,26.3,4.5,6073.0,5459.0,1363.0,278.0,26.0,230.0,486.0,1392.0,0.25,0.315,0.43700000000000006,0.752,2383.0,56.0,1036.0,0,1260.34,28.5,3.98,6071,5485,1383,278,32,167,436,1310,0.252,0.314,0.406,0.72,2226,84,1075,3.89,3.75,1.28,1.13,171.0,126.0,0.0,0.0,203.2,163.1
130,26.3,4.5,6073.0,5459.0,1363.0,278.0,26.0,230.0,486.0,1392.0,0.25,0.315,0.43700000000000006,0.752,2383.0,56.0,1036.0,0,1260.34,28.5,3.98,6071,5485,1383,278,32,167,436,1310,0.252,0.314,0.406,0.72,2226,84,1075,2.48,3.35,1.02,1.15,216.0,150.0,2.0,0.0,232.0,169.1
131,26.3,4.5,6073.0,5459.0,1363.0,278.0,26.0,230.0,486.0,1392.0,0.25,0.315,0.43700000000000006,0.752,2383.0,56.0,1036.0,0,1260.34,28.5,3.98,6071,5485,1383,278,32,167,436,1310,0.252,0.314,0.406,0.72,2226,84,1075,3.22,5.43,1.19,1.54,129.0,46.0,0.0,0.0,125.2,63.0
132,26.3,4.5,6073.0,5459.0,1363.0,278.0,26.0,230.0,486.0,1392.0,0.25,0.315,0.43700000000000006,0.752,2383.0,56.0,1036.0,0,-1260.34,28.5,3.98,6071,5485,1383,278,32,167,436,1310,0.252,0.314,0.406,0.72,2226,84,1075,3.275,3.75,1.24,1.13,77.5,126.0,0.0,0.0,91.15,163.1
133,26.3,4.5,6073.0,5459.0,1363.0,278.0,26.0,230.0,486.0,1392.0,0.25,0.315,0.43700000000000006,0.752,2383.0,56.0,1036.0,1,-1260.34,28.5,3.98,6071,5485,1383,278,32,167,436,1310,0.252,0.314,0.406,0.72,2226,84,1075,3.9,3.35,1.31,1.15,61.0,150.0,0.0,0.0,108.1,169.1
135,26.3,4.5,6073.0,5459.0,1363.0,278.0,26.0,230.0,486.0,1392.0,0.25,0.315,0.43700000000000006,0.752,2383.0,56.0,1036.0,0,-1260.34,28.5,3.98,6071,5485,1383,278,32,167,436,1310,0.252,0.314,0.406,0.72,2226,84,1075,3.89,3.23,1.28,1.14,171.0,252.0,0.0,1.0,203.2,212.0
103,25.4,3.88,6055.0,5447.0,1317.0,240.0,19.0,163.0,495.0,1442.0,0.242,0.309,0.38299999999999995,0.6920000000000001,2084.0,55.0,1086.0,0,2157.08,30.7,3.82,6198,5603,1356,251,27,125,443,1306,0.242,0.302,0.363,0.665,2036,55,1147,2.93,4.61,1.18,1.36,146.0,121.0,1.0,0.0,200.0,199.0
104,25.4,3.88,6055.0,5447.0,1317.0,240.0,19.0,163.0,495.0,1442.0,0.242,0.309,0.38299999999999995,0.6920000000000001,2084.0,55.0,1086.0,0,2157.08,30.7,3.82,6198,5603,1356,251,27,125,443,1306,0.242,0.302,0.363,0.665,2036,55,1147,4.72,3.75,1.56,1.29,119.0,71.0,0.0,0.0,131.2,117.2
105,25.4,3.88,6055.0,5447.0,1317.0,240.0,19.0,163.0,495.0,1442.0,0.242,0.309,0.38299999999999995,0.6920000000000001,2084.0,55.0,1086.0,0,2157.08,30.7,3.82,6198,5603,1356,251,27,125,443,1306,0.242,0.302,0.363,0.665,2036,55,1147,2.73,6.39,1.02,1.34,157.0,7.0,0.0,0.0,154.2,12.2
106,25.4,3.88,6055.0,5447.0,1317.0,240.0,19.0,163.0,495.0,1442.0,0.242,0.309,0.38299999999999995,0.6920000000000001,2084.0,55.0,1086.0,1,3039.78,27.5,3.91,5977,5450,1328,247,32,136,396,1232,0.244,0.3,0.376,0.6759999999999999,2047,60,1008,2.93,2.14,1.18,0.92,146.0,248.0,1.0,0.0,200.0,236.0
107,25.4,3.88,6055.0,5447.0,1317.0,240.0,19.0,163.0,495.0,1442.0,0.242,0.309,0.38299999999999995,0.6920000000000001,2084.0,55.0,1086.0,1,3039.78,27.5,3.91,5977,5450,1328,247,32,136,396,1232,0.244,0.3,0.376,0.6759999999999999,2047,60,1008,2.73,5.26,1.02,1.54,157.0,60.0,0.0,0.0,154.2,75.1
108,25.4,3.88,6055.0,5447.0,1317.0,240.0,19.0,163.0,495.0,1442.0,0.242,0.309,0.38299999999999995,0.6920000000000001,2084.0,55.0,1086.0,0,3039.78,27.5,3.91,5977,5450,1328,247,32,136,396,1232,0.244,0.3,0.376,0.6759999999999999,2047,60,1008,3.4000000000000004,3.65,1.325,1.23,57.5,108.0,0.0,0.0,90.05,165.0
109,25.4,3.88,6055.0,5447.0,1317.0,240.0,19.0,163.0,495.0,1442.0,0.242,0.309,0.38299999999999995,0.6920000000000001,2084.0,55.0,1086.0,1,-3039.78,27.5,3.91,5977,5450,1328,247,32,136,396,1232,0.244,0.3,0.376,0.6759999999999999,2047,60,1008,4.72,2.14,1.56,0.92,119.0,248.0,0.0,0.0,131.2,236.0
110,25.4,3.88,6055.0,5447.0,1317.0,240.0,19.0,163.0,495.0,1442.0,0.242,0.309,0.38299999999999995,0.6920000000000001,2084.0,55.0,1086.0,0,-3039.78,27.5,3.91,5977,5450,1328,247,32,136,396,1232,0.244,0.3,0.376,0.6759999999999999,2047,60,1008,2.93,3.52,1.18,1.05,146.0,154.0,1.0,0.0,200.0,179.0
111,25.4,3.88,6055.0,5447.0,1317.0,240.0,19.0,163.0,495.0,1442.0,0.242,0.309,0.38299999999999995,0.6920000000000001,2084.0,55.0,1086.0,0,-3039.78,27.5,3.91,5977,5450,1328,247,32,136,396,1232,0.244,0.3,0.376,0.6759999999999999,2047,60,1008,2.73,4.65,1.02,1.33,157.0,55.0,0.0,0.0,154.2,69.2
112,25.4,3.88,6055.0,5447.0,1317.0,240.0,19.0,163.0,495.0,1442.0,0.242,0.309,0.38299999999999995,0.6920000000000001,2084.0,55.0,1086.0,0,3039.78,27.5,3.91,5977,5450,1328,247,32,136,396,1232,0.244,0.3,0.376,0.6759999999999999,2047,60,1008,3.4000000000000004,3.85,1.325,1.31,57.5,143.0,0.0,1.0,90.05,163.2
113,25.4,3.88,6055.0,5447.0,1317.0,240.0,19.0,163.0,495.0,1442.0,0.242,0.309,0.38299999999999995,0.6920000000000001,2084.0,55.0,1086.0,0,3039.78,27.5,3.91,5977,5450,1328,247,32,136,396,1232,0.244,0.3,0.376,0.6759999999999999,2047,60,1008,7.94,2.14,1.94,0.92,1.0,248.0,0.0,0.0,5.2,236.0
114,25.4,3.88,6055.0,5447.0,1317.0,240.0,19.0,163.0,495.0,1442.0,0.242,0.309,0.38299999999999995,0.6920000000000001,2084.0,55.0,1086.0,1,3039.78,27.5,3.91,5977,5450,1328,247,32,136,396,1232,0.244,0.3,0.376,0.6759999999999999,2047,60,1008,4.39,4.65,1.38,1.33,94.0,55.0,0.0,0.0,143.2,69.2
115,25.4,3.88,6055.0,5447.0,1317.0,240.0,19.0,163.0,495.0,1442.0,0.242,0.309,0.38299999999999995,0.6920000000000001,2084.0,55.0,1086.0,1,3039.78,27.5,3.91,5977,5450,1328,247,32,136,396,1232,0.244,0.3,0.376,0.6759999999999999,2047,60,1008,2.93,3.52,1.18,1.05,146.0,154.0,1.0,0.0,200.0,179.0
116,25.4,3.88,6055.0,5447.0,1317.0,240.0,19.0,163.0,495.0,1442.0,0.242,0.309,0.38299999999999995,0.6920000000000001,2084.0,55.0,1086.0,0,-3039.78,27.5,3.91,5977,5450,1328,247,32,136,396,1232,0.244,0.3,0.376,0.6759999999999999,2047,60,1008,2.73,2.61,1.02,1.29,157.0,34.0,0.0,0.0,154.2,38.0
117,25.4,3.88,6055.0,5447.0,1317.0,240.0,19.0,163.0,495.0,1442.0,0.242,0.309,0.38299999999999995,0.6920000000000001,2084.0,55.0,1086.0,0,-3039.78,27.5,3.91,5977,5450,1328,247,32,136,396,1232,0.244,0.3,0.376,0.6759999999999999,2047,60,1008,3.4000000000000004,3.52,1.325,1.05,57.5,154.0,0.0,0.0,90.05,179.0
118,25.4,3.88,6055.0,5447.0,1317.0,240.0,19.0,163.0,495.0,1442.0,0.242,0.309,0.38299999999999995,0.6920000000000001,2084.0,55.0,1086.0,0,-3039.78,27.5,3.91,5977,5450,1328,247,32,136,396,1232,0.244,0.3,0.376,0.6759999999999999,2047,60,1008,4.72,3.65,1.56,1.23,119.0,108.0,0.0,0.0,131.2,165.0
119,25.4,3.88,6055.0,5447.0,1317.0,240.0,19.0,163.0,495.0,1442.0,0.242,0.309,0.38299999999999995,0.6920000000000001,2084.0,55.0,1086.0,0,3039.78,27.5,3.91,5977,5450,1328,247,32,136,396,1232,0.244,0.3,0.376,0.6759999999999999,2047,60,1008,4.72,2.14,1.56,0.92,119.0,248.0,0.0,0.0,131.2,236.0
120,25.4,3.88,6055.0,5447.0,1317.0,240.0,19.0,163.0,495.0,1442.0,0.242,0.309,0.38299999999999995,0.6920000000000001,2084.0,55.0,1086.0,1,3039.78,27.5,3.91,5977,5450,1328,247,32,136,396,1232,0.244,0.3,0.376,0.6759999999999999,2047,60,1008,2.73,3.85,1.02,1.31,157.0,143.0,0.0,1.0,154.2,163.2
121,25.4,3.88,6055.0,5447.0,1317.0,240.0,19.0,163.0,495.0,1442.0,0.242,0.309,0.38299999999999995,0.6920000000000001,2084.0,55.0,1086.0,1,3039.78,27.5,3.91,5977,5450,1328,247,32,136,396,1232,0.244,0.3,0.376,0.6759999999999999,2047,60,1008,4.57,3.52,1.29,1.05,13.0,154.0,0.0,0.0,21.2,179.0
122,25.4,3.88,6055.0,5447.0,1317.0,240.0,19.0,163.0,495.0,1442.0,0.242,0.309,0.38299999999999995,0.6920000000000001,2084.0,55.0,1086.0,0,-3039.78,27.5,3.91,5977,5450,1328,247,32,136,396,1232,0.244,0.3,0.376,0.6759999999999999,2047,60,1008,4.72,2.61,1.56,1.29,119.0,34.0,0.0,0.0,131.2,38.0
123,25.4,3.88,6055.0,5447.0,1317.0,240.0,19.0,163.0,495.0,1442.0,0.242,0.309,0.38299999999999995,0.6920000000000001,2084.0,55.0,1086.0,1,-3039.78,27.5,3.91,5977,5450,1328,247,32,136,396,1232,0.244,0.3,0.376,0.6759999999999999,2047,60,1008,2.93,3.65,1.18,1.23,146.0,108.0,1.0,0.0,200.0,165.0
124,25.4,3.88,6055.0,5447.0,1317.0,240.0,19.0,163.0,495.0,1442.0,0.242,0.309,0.38299999999999995,0.6920000000000001,2084.0,55.0,1086.0,1,-3039.78,27.5,3.91,5977,5450,1328,247,32,136,396,1232,0.244,0.3,0.376,0.6759999999999999,2047,60,1008,2.73,3.52,1.02,1.05,157.0,154.0,0.0,0.0,154.2,179.0
125,25.4,3.88,6055.0,5447.0,1317.0,240.0,19.0,163.0,495.0,1442.0,0.242,0.309,0.38299999999999995,0.6920000000000001,2084.0,55.0,1086.0,0,-1260.34,29.3,3.78,6205,5516,1361,263,24,117,527,1124,0.247,0.317,0.36700000000000005,0.684,2023,66,1193,2.73,2.87,1.02,1.14,157.0,149.0,0.0,0.0,154.2,166.1
126,25.4,3.88,6055.0,5447.0,1317.0,240.0,19.0,163.0,495.0,1442.0,0.242,0.309,0.38299999999999995,0.6920000000000001,2084.0,55.0,1086.0,1,-1260.34,29.3,3.78,6205,5516,1361,263,24,117,527,1124,0.247,0.317,0.36700000000000005,0.684,2023,66,1193,3.4000000000000004,3.33,1.325,1.28,57.5,173.0,0.0,0.0,90.05,194.2
127,25.4,3.88,6055.0,5447.0,1317.0,240.0,19.0,163.0,495.0,1442.0,0.242,0.309,0.38299999999999995,0.6920000000000001,2084.0,55.0,1086.0,0,-1260.34,29.3,3.78,6205,5516,1361,263,24,117,527,1124,0.247,0.317,0.36700000000000005,0.684,2023,66,1193,4.72,3.3499999999999996,1.56,1.1,119.0,135.5,0.0,0.0,131.2,123.69999999999999
111,25.8,3.77,6020.0,5457.0,1307.0,266.0,16.0,148.0,426.0,1535.0,0.24,0.299,0.375,0.674,2049.0,52.0,1007.0,1,-3039.78,28.7,3.85,6172,5558,1318,249,17,188,529,1353,0.237,0.306,0.39,0.695,2165,31,1131,5.86,5.26,1.7,1.6,89.0,107.0,0.0,0.0,153.2,183.0
112,25.8,3.77,6020.0,5457.0,1307.0,266.0,16.0,148.0,426.0,1535.0,0.24,0.299,0.375,0.674,2049.0,52.0,1007.0,0,3039.78,28.7,3.85,6172,5558,1318,249,17,188,529,1353,0.237,0.306,0.39,0.695,2165,31,1131,5.15,2.66,1.54,1.01,123.0,185.0,0.0,0.0,153.2,219.2
113,25.8,3.77,6020.0,5457.0,1307.0,266.0,16.0,148.0,426.0,1535.0,0.24,0.299,0.375,0.674,2049.0,52.0,1007.0,0,3039.78,28.7,3.85,6172,5558,1318,249,17,188,529,1353,0.237,0.306,0.39,0.695,2165,31,1131,4.365,4.64,1.545,1.365,73.5,56.5,0.0,1.0,88.1,71.55
114,25.8,3.77,6020.0,5457.0,1307.0,266.0,16.0,148.0,426.0,1535.0,0.24,0.299,0.375,0.674,2049.0,52.0,1007.0,1,3039.78,28.7,3.85,6172,5558,1318,249,17,188,529,1353,0.237,0.306,0.39,0.695,2165,31,1131,5.59,5.705,1.51,1.585,93.0,16.0,0.0,0.0,141.2,27.15
115,25.8,3.77,6020.0,5457.0,1307.0,266.0,16.0,148.0,426.0,1535.0,0.24,0.299,0.375,0.674,2049.0,52.0,1007.0,0,-3039.78,28.7,3.85,6172,5558,1318,249,17,188,529,1353,0.237,0.306,0.39,0.695,2165,31,1131,4.365,5.26,1.545,1.6,73.5,107.0,0.0,0.0,88.1,183.0
116,25.8,3.77,6020.0,5457.0,1307.0,266.0,16.0,148.0,426.0,1535.0,0.24,0.299,0.375,0.674,2049.0,52.0,1007.0,0,-3039.78,28.7,3.85,6172,5558,1318,249,17,188,529,1353,0.237,0.306,0.39,0.695,2165,31,1131,4.59,2.66,1.48,1.01,138.0,185.0,0.0,0.0,151.0,219.2
117,25.8,3.77,6020.0,5457.0,1307.0,266.0,16.0,148.0,426.0,1535.0,0.24,0.299,0.375,0.674,2049.0,52.0,1007.0,0,-3039.78,28.7,3.85,6172,5558,1318,249,17,188,529,1353,0.237,0.306,0.39,0.695,2165,31,1131,5.59,3.04,1.51,1.13,93.0,216.0,0.0,0.0,141.2,204.1
118,25.8,3.77,6020.0,5457.0,1307.0,266.0,16.0,148.0,426.0,1535.0,0.24,0.299,0.375,0.674,2049.0,52.0,1007.0,0,-3039.78,28.7,3.85,6172,5558,1318,249,17,188,529,1353,0.237,0.306,0.39,0.695,2165,31,1131,5.59,4.98,1.51,1.45,93.0,57.0,0.0,0.0,141.2,72.1
119,25.8,3.77,6020.0,5457.0,1307.0,266.0,16.0,148.0,426.0,1535.0,0.24,0.299,0.375,0.674,2049.0,52.0,1007.0,0,-3039.78,28.7,3.85,6172,5558,1318,249,17,188,529,1353,0.237,0.306,0.39,0.695,2165,31,1131,5.18,3.6,1.38,1.0,77.0,12.0,0.0,0.0,83.1,15.0
120,25.8,3.77,6020.0,5457.0,1307.0,266.0,16.0,148.0,426.0,1535.0,0.24,0.299,0.375,0.674,2049.0,52.0,1007.0,0,-3039.78,28.7,3.85,6172,5558,1318,249,17,188,529,1353,0.237,0.306,0.39,0.695,2165,31,1131,5.15,5.26,1.54,1.6,123.0,107.0,0.0,0.0,153.2,183.0
121,25.8,3.77,6020.0,5457.0,1307.0,266.0,16.0,148.0,426.0,1535.0,0.24,0.299,0.375,0.674,2049.0,52.0,1007.0,1,-3039.78,28.7,3.85,6172,5558,1318,249,17,188,529,1353,0.237,0.306,0.39,0.695,2165,31,1131,2.76,2.66,1.1,1.01,45.0,185.0,1.0,0.0,71.2,219.2
122,25.8,3.77,6020.0,5457.0,1307.0,266.0,16.0,148.0,426.0,1535.0,0.24,0.299,0.375,0.674,2049.0,52.0,1007.0,1,3039.78,28.7,3.85,6172,5558,1318,249,17,188,529,1353,0.237,0.306,0.39,0.695,2165,31,1131,1.95,3.6,1.35,1.0,33.0,12.0,0.0,0.0,60.0,15.0
123,25.8,3.77,6020.0,5457.0,1307.0,266.0,16.0,148.0,426.0,1535.0,0.24,0.299,0.375,0.674,2049.0,52.0,1007.0,1,3039.78,28.7,3.85,6172,5558,1318,249,17,188,529,1353,0.237,0.306,0.39,0.695,2165,31,1131,5.59,5.26,1.51,1.6,93.0,107.0,0.0,0.0,141.2,183.0
124,25.8,3.77,6020.0,5457.0,1307.0,266.0,16.0,148.0,426.0,1535.0,0.24,0.299,0.375,0.674,2049.0,52.0,1007.0,1,3039.78,28.7,3.85,6172,5558,1318,249,17,188,529,1353,0.237,0.306,0.39,0.695,2165,31,1131,5.18,6.3,1.38,1.57,77.0,70.0,0.0,0.0,83.1,90.0
125,25.8,3.77,6020.0,5457.0,1307.0,266.0,16.0,148.0,426.0,1535.0,0.24,0.299,0.375,0.674,2049.0,52.0,1007.0,0,-1096.82,28.7,4.83,6202,5557,1494,322,20,125,481,1110,0.26899999999999996,0.332,0.401,0.733,2231,64,1087,5.86,4.63,1.7,1.56,89.0,44.0,0.0,1.0,153.2,116.2
126,25.8,3.77,6020.0,5457.0,1307.0,266.0,16.0,148.0,426.0,1535.0,0.24,0.299,0.375,0.674,2049.0,52.0,1007.0,1,-1096.82,28.7,4.83,6202,5557,1494,322,20,125,481,1110,0.26899999999999996,0.332,0.401,0.733,2231,64,1087,4.59,3.97,1.48,1.31,138.0,198.0,0.0,0.0,151.0,201.2
127,25.8,3.77,6020.0,5457.0,1307.0,266.0,16.0,148.0,426.0,1535.0,0.24,0.299,0.375,0.674,2049.0,52.0,1007.0,0,1096.82,28.7,4.83,6202,5557,1494,322,20,125,481,1110,0.26899999999999996,0.332,0.401,0.733,2231,64,1087,4.365,2.94,1.545,1.07,73.5,219.0,0.0,2.0,88.1,241.2
128,25.8,3.77,6020.0,5457.0,1307.0,266.0,16.0,148.0,426.0,1535.0,0.24,0.299,0.375,0.674,2049.0,52.0,1007.0,0,1096.82,28.7,4.83,6202,5557,1494,322,20,125,481,1110,0.26899999999999996,0.332,0.401,0.733,2231,64,1087,5.59,3.06,1.51,1.21,93.0,169.0,0.0,1.0,141.2,173.1
129,25.8,3.77,6020.0,5457.0,1307.0,266.0,16.0,148.0,426.0,1535.0,0.24,0.299,0.375,0.674,2049.0,52.0,1007.0,0,-1260.34,29.5,4.29,6242,5538,1421,296,23,165,589,1171,0.257,0.32899999999999996,0.408,0.737,2258,36,1172,5.15,3.29,1.54,1.3,123.0,143.0,0.0,1.0,153.2,150.1
130,25.8,3.77,6020.0,5457.0,1307.0,266.0,16.0,148.0,426.0,1535.0,0.24,0.299,0.375,0.674,2049.0,52.0,1007.0,0,-1260.34,29.5,4.29,6242,5538,1421,296,23,165,589,1171,0.257,0.32899999999999996,0.408,0.737,2258,36,1172,4.59,3.33,1.48,1.1,138.0,151.0,0.0,0.0,151.0,186.2
132,25.8,3.77,6020.0,5457.0,1307.0,266.0,16.0,148.0,426.0,1535.0,0.24,0.299,0.375,0.674,2049.0,52.0,1007.0,0,-1260.34,29.5,4.29,6242,5538,1421,296,23,165,589,1171,0.257,0.32899999999999996,0.408,0.737,2258,36,1172,5.59,3.22,1.51,1.13,93.0,101.0,0.0,2.0,141.2,128.2
133,25.8,3.77,6020.0,5457.0,1307.0,266.0,16.0,148.0,426.0,1535.0,0.24,0.299,0.375,0.674,2049.0,52.0,1007.0,1,1260.34,29.5,4.29,6242,5538,1421,296,23,165,589,1171,0.257,0.32899999999999996,0.408,0.737,2258,36,1172,1.95,3.33,1.35,1.1,33.0,151.0,0.0,0.0,60.0,186.2
135,25.8,3.77,6020.0,5457.0,1307.0,266.0,16.0,148.0,426.0,1535.0,0.24,0.299,0.375,0.674,2049.0,52.0,1007.0,0,1260.34,29.5,4.29,6242,5538,1421,296,23,165,589,1171,0.257,0.32899999999999996,0.408,0.737,2258,36,1172,4.59,3.22,1.48,1.13,138.0,101.0,0.0,2.0,151.0,128.2
136,25.8,3.77,6020.0,5457.0,1307.0,266.0,16.0,148.0,426.0,1535.0,0.24,0.299,0.375,0.674,2049.0,52.0,1007.0,1,-372.06,29.6,4.48,6196,5585,1465,262,23,176,462,1067,0.262,0.32299999999999995,0.41200000000000003,0.735,2301,61,1110,4.365,8.44,1.545,1.97,73.5,12.0,0.0,0.0,88.1,10.2
137,25.8,3.77,6020.0,5457.0,1307.0,266.0,16.0,148.0,426.0,1535.0,0.24,0.299,0.375,0.674,2049.0,52.0,1007.0,0,-372.06,29.6,4.48,6196,5585,1465,262,23,176,462,1067,0.262,0.32299999999999995,0.41200000000000003,0.735,2301,61,1110,5.86,2.83,1.7,1.07,89.0,277.0,0.0,0.0,153.2,209.2
