Rk,Name,Age,Tm,Lg,G,PA,AB,R,H,2B,3B,HR,RBI,SB,CS,BB,SO,BA,OBP,SLG,OPS,OPS+,TB,GDP,HBP,SH,SF,IBB,Pos Summary
1,José Abreu,33,CHW,AL,60,262,240,43,76,15,0,19,60,0,0,18,59,0.317,0.37,0.617,0.987,166,148,10,3,0,1,1,*3/D
2,Ronald Acuna Jr.,22,ATL,NL,46,202,160,46,40,11,0,14,29,8,1,38,60,0.25,0.406,0.581,0.987,155,93,3,4,0,0,2,*89
3,Willy Adames,24,TBR,AL,54,205,185,29,48,15,1,8,23,2,1,20,74,0.259,0.332,0.481,0.813,124,89,4,0,0,0,0,*6/H
4,Austin Adams,29,SDP,NL,1,1,1,0,0,0,0,0,0,0,0,0,1,0,0,0,0,-100,0,0,0,0,0,0,/1
5,Matt Adams,31,ATL,NL,16,51,49,4,9,2,0,2,9,0,0,2,18,0.184,0.216,0.347,0.563,44,17,3,0,0,0,0,D/H3
6,Jo Adell,21,LAA,AL,38,132,124,9,20,4,0,3,7,0,1,7,55,0.161,0.212,0.266,0.478,31,33,3,1,0,0,0,9/8H
7,Ehire Adrianza#,30,MIN,AL,44,101,89,10,17,7,0,0,3,1,0,11,23,0.191,0.287,0.27,0.557,56,24,3,1,0,0,0,5H/64D1
8,Jesus Aguilar,30,MIA,NL,51,216,188,31,52,10,0,8,34,0,1,23,40,0.277,0.352,0.457,0.809,120,86,5,1,0,4,0,3D/5H
9,Nick Ahmed,30,ARI,NL,57,217,199,29,53,10,1,5,29,4,0,18,46,0.266,0.327,0.402,0.729,94,80,3,0,0,0,0,*6/H
10,Shogo Akiyama,32,CIN,NL,54,183,155,16,38,6,1,0,9,7,3,25,34,0.245,0.357,0.297,0.654,76,46,1,2,0,0,0,*78/HD
11,Hanser Alberto,27,BAL,AL,54,231,219,35,62,15,0,3,22,3,0,5,30,0.283,0.306,0.393,0.698,91,86,6,3,2,2,0,*4/5DH
12,Ozzie Albies#,23,ATL,NL,29,124,118,21,32,5,0,6,19,3,1,5,30,0.271,0.306,0.466,0.773,99,55,0,1,0,0,0,4/H
13,Sergio Alcantara#,23,DET,AL,10,23,21,2,3,0,1,1,1,0,0,2,4,0.143,0.217,0.381,0.598,59,8,0,0,0,0,0,/45H
14,Jorge Alfaro,27,MIA,NL,31,100,93,12,21,2,0,3,16,2,0,4,36,0.226,0.28,0.344,0.624,70,32,2,3,0,0,1,2/DH9
15,Anthony Alford,25,TOT,MLB,18,29,28,5,6,0,1,2,7,3,0,1,8,0.214,0.241,0.5,0.741,96,14,0,0,0,0,0,/87HD9
16,Anthony Alford,25,TOR,AL,13,16,16,3,3,0,0,1,3,3,0,0,7,0.188,0.188,0.375,0.563,49,6,0,0,0,0,0,/7H8D9
17,Anthony Alford,25,PIT,NL,5,13,12,2,3,0,1,1,4,0,0,1,1,0.25,0.308,0.667,0.974,156,8,0,0,0,0,0,/87H
18,Austin Allen,26,OAK,AL,14,32,31,1,6,1,0,1,3,0,0,1,14,0.194,0.219,0.323,0.541,50,10,0,0,0,0,0,2
19,Greg Allen#,27,TOT,MLB,16,32,26,4,4,1,0,1,4,2,0,3,10,0.154,0.281,0.308,0.589,60,8,0,2,0,1,0,7/8H9
20,Greg Allen#,27,CLE,AL,15,28,25,3,4,1,0,1,4,1,0,1,9,0.16,0.214,0.32,0.534,42,8,0,1,0,1,0,7/8H
21,Greg Allen#,27,SDP,NL,1,4,1,1,0,0,0,0,0,1,0,2,1,0,0.75,0,0.75,136,0,0,1,0,0,0,/79
22,Abraham Almonte#,31,SDP,NL,7,13,11,0,1,0,0,0,0,1,1,2,4,0.091,0.231,0.091,0.322,-5,1,0,0,0,0,0,/D7H8
23,Albert Almora,26,CHC,NL,28,34,30,4,5,1,0,0,1,0,0,3,9,0.167,0.265,0.2,0.465,29,6,0,1,0,0,0,8/H
24,Pete Alonso,25,NYM,NL,57,239,208,31,48,6,0,16,35,1,0,24,61,0.231,0.326,0.49,0.817,123,102,4,6,0,1,4,3D/H
25,Dan Altavilla,27,TOT,MLB,1,0,0,0,0,0,0,0,0,0,0,0,0,,,,,,0,0,0,0,0,0,1
26,Dan Altavilla,27,SEA,AL,1,0,0,0,0,0,0,0,0,0,0,0,0,,,,,,0,0,0,0,0,0,1
27,Jose Altuve,30,HOU,AL,48,210,192,32,42,9,0,5,18,2,3,17,39,0.219,0.286,0.344,0.629,71,66,5,1,0,0,0,*4
28,Eddy Alvarez#,30,MIA,NL,12,41,37,6,7,1,0,0,2,2,0,3,16,0.189,0.268,0.216,0.485,36,8,0,1,0,0,0,/45H6
29,Yordan Álvarez,23,HOU,AL,2,9,8,2,2,0,0,1,4,0,0,0,1,0.25,0.333,0.625,0.958,152,5,1,1,0,0,0,/D
30,Brian Anderson,27,MIA,NL,59,229,200,27,51,7,1,11,38,0,0,22,66,0.255,0.345,0.465,0.81,119,93,2,6,0,1,1,*5/34DH
31,Tim Anderson,27,CHW,AL,49,221,208,45,67,11,1,10,21,5,2,10,50,0.322,0.357,0.529,0.886,141,110,4,2,0,1,0,*6
32,Elvis Andrus,31,TEX,AL,29,111,103,11,20,5,0,3,7,3,1,8,15,0.194,0.252,0.33,0.582,58,34,5,0,0,0,0,6/H
33,Miguel Andujar,25,NYY,AL,21,65,62,5,15,2,1,1,5,0,0,3,9,0.242,0.277,0.355,0.632,74,22,1,0,0,0,0,/D75H
34,Sherten Apostel,21,TEX,AL,7,21,20,1,2,1,0,0,0,0,0,1,9,0.1,0.143,0.15,0.293,-20,3,0,0,0,0,0,/35
35,Aristides Aquino,26,CIN,NL,23,56,47,7,8,1,0,2,8,1,0,6,18,0.17,0.304,0.319,0.623,65,15,1,3,0,0,0,7/HD98
36,Jonathan Arauz#,21,BOS,AL,25,80,72,8,18,2,0,1,9,0,0,8,21,0.25,0.325,0.319,0.644,75,23,0,0,0,0,0,4/56HD
37,Orlando Arcia,25,MIL,NL,59,189,173,22,45,10,1,5,20,2,0,14,32,0.26,0.317,0.416,0.734,96,72,10,1,0,1,0,*6/H18
38,Nolan Arenado,29,COL,NL,48,201,182,23,46,9,0,8,26,0,0,15,20,0.253,0.303,0.434,0.738,84,79,7,0,0,4,3,*5
39,Randy Arozarena,25,TBR,AL,23,76,64,15,18,2,0,7,11,4,0,6,22,0.281,0.382,0.641,1.022,179,41,2,5,0,1,0,7/DH98
40,Luis Arraez,23,MIN,AL,32,121,112,16,36,9,0,0,13,0,0,8,11,0.321,0.364,0.402,0.765,112,45,2,0,0,1,0,4/H
41,Christian Arroyo,25,TOT,AL,15,54,50,7,12,1,0,3,8,0,0,4,11,0.24,0.296,0.44,0.736,95,22,2,0,0,0,0,Apr-65
42,Christian Arroyo,25,CLE,AL,1,0,0,0,0,0,0,0,0,0,0,0,0,,,,,,0,0,0,0,0,0,/5
43,Christian Arroyo,25,BOS,AL,14,54,50,7,12,1,0,3,8,0,0,4,11,0.24,0.296,0.44,0.736,95,22,2,0,0,0,0,6-Apr
44,Willians Astudillo,28,MIN,AL,8,16,16,4,4,1,0,1,3,0,0,0,2,0.25,0.25,0.5,0.75,100,8,0,0,0,0,0,/2H
45,Alex Avila,33,MIN,AL,23,62,49,6,9,2,0,1,2,0,0,11,22,0.184,0.355,0.286,0.641,81,14,2,2,0,0,0,2/DH
46,Harrison Bader,26,STL,NL,50,125,106,21,24,7,2,4,11,3,1,13,40,0.226,0.336,0.443,0.779,111,47,2,5,0,1,0,*8/HD
47,Javier Baez,27,CHC,NL,59,235,222,27,45,9,1,8,24,3,0,7,75,0.203,0.238,0.36,0.599,59,80,8,4,0,2,0,*6/D7H
48,Austin Barnes,30,LAD,NL,29,104,86,14,21,3,0,1,9,3,0,13,24,0.244,0.353,0.314,0.667,85,27,0,2,2,1,0,2/DH
49,Tucker Barnhart,29,CIN,NL,38,110,98,10,20,3,0,5,13,0,0,12,28,0.204,0.291,0.388,0.679,77,38,2,0,0,0,0,2/3H
50,Franklin Barreto,24,TOT,AL,21,28,27,5,2,0,0,0,2,1,0,0,15,0.074,0.107,0.074,0.181,-48,2,0,1,0,0,0,H/465D7
51,Franklin Barreto,24,OAK,AL,15,10,10,5,0,0,0,0,0,0,0,0,7,0,0,0,0,-100,0,0,0,0,0,0,H/46D
52,Franklin Barreto,24,LAA,AL,6,18,17,0,2,0,0,0,2,1,0,0,8,0.118,0.167,0.118,0.284,-19,2,0,1,0,0,0,/457H6
53,Joey Bart,23,SFG,NL,33,111,103,15,24,5,2,0,7,0,0,3,41,0.233,0.288,0.32,0.609,69,33,1,5,0,0,0,2/DH
54,Luis Alexander Basabe#,23,SFG,NL,9,18,14,5,2,0,0,0,1,2,0,4,5,0.143,0.333,0.143,0.476,40,2,0,0,0,0,0,/97H
55,Matt Beaty,27,LAD,NL,21,54,50,8,11,1,0,2,5,0,0,2,14,0.22,0.278,0.36,0.638,73,18,3,2,0,0,0,3/DH7
56,Cam Bedrosian,28,LAA,AL,1,0,0,0,0,0,0,0,0,0,0,0,0,,,,,,0,0,0,0,0,0,1
57,Josh Bell#,27,PIT,NL,57,223,195,22,44,3,0,8,22,0,0,22,59,0.226,0.305,0.364,0.669,83,71,3,2,0,4,4,3D/H
58,Cody Bellinger,24,LAD,NL,56,243,213,33,51,10,0,12,30,6,1,30,42,0.239,0.333,0.455,0.789,113,97,4,0,0,0,2,83/D9
59,Brandon Belt,32,SFG,NL,51,179,149,25,46,13,1,9,30,0,0,30,36,0.309,0.425,0.591,1.015,178,88,5,0,0,0,1,*3/HD
60,Anthony Bemboom,30,LAA,AL,21,60,48,9,10,1,0,3,5,0,1,7,13,0.208,0.328,0.417,0.744,103,20,0,2,2,1,0,2/1H
61,Andrew Benintendi,25,BOS,AL,14,52,39,4,4,1,0,0,1,1,2,11,17,0.103,0.314,0.128,0.442,27,5,1,1,1,0,0,7/H
62,Jon Berti,30,MIA,NL,39,149,120,21,31,5,0,2,14,9,2,23,37,0.258,0.388,0.35,0.738,105,42,1,3,2,1,0,4/895H6
63,Mookie Betts,27,LAD,NL,55,246,219,47,64,9,1,16,39,10,2,24,38,0.292,0.366,0.562,0.927,149,123,2,2,0,1,1,*9/D48
64,Bo Bichette,22,TOR,AL,29,128,123,18,37,9,1,5,23,4,1,5,27,0.301,0.328,0.512,0.84,127,63,2,0,0,0,1,6/D
65,Cavan Biggio,25,TOR,AL,59,265,220,41,55,16,0,8,28,6,0,41,61,0.25,0.375,0.432,0.807,122,95,2,3,0,0,0,495/8HD7
66,Braden Bishop,26,SEA,AL,12,34,30,2,5,2,0,0,4,1,0,2,10,0.167,0.242,0.233,0.476,36,7,0,1,1,0,0,/987
67,Charlie Blackmon,33,COL,NL,59,247,221,31,67,12,1,6,42,2,1,19,44,0.303,0.356,0.448,0.804,103,99,4,2,0,5,4,*9/D
68,Travis Blankenhorn,23,MIN,AL,1,4,3,0,1,1,0,0,0,0,0,0,0,0.333,0.5,0.667,1.167,219,2,0,1,0,0,0,/4
69,Xander Bogaerts,27,BOS,AL,56,225,203,36,61,8,0,11,28,8,0,21,41,0.3,0.364,0.502,0.867,131,102,3,0,0,1,2,*6/HD
70,Alec Bohm,23,PHI,NL,44,180,160,24,54,11,0,4,23,1,1,16,36,0.338,0.4,0.481,0.881,136,77,4,2,0,2,0,5/3D
71,Emilio Bonifacio#,35,WSN,NL,3,3,3,1,0,0,0,0,0,0,1,0,2,0,0,0,0,-100,0,0,0,0,0,0,/H7
72,Jorge Bonifacio,27,DET,AL,30,94,86,8,19,3,0,2,17,0,0,5,26,0.221,0.277,0.326,0.602,64,28,1,2,0,1,0,79/H
73,David Bote,27,CHC,NL,45,145,125,15,25,3,1,7,29,2,0,17,40,0.2,0.303,0.408,0.711,90,51,6,2,0,1,0,5/4HD3
74,Jackie Bradley Jr.,30,BOS,AL,55,217,191,32,54,11,0,7,22,5,2,23,48,0.283,0.364,0.45,0.814,118,86,2,2,0,1,1,*8
75,Michael Brantley,33,HOU,AL,46,187,170,24,51,15,0,5,22,2,0,17,28,0.3,0.364,0.476,0.84,126,81,3,0,0,0,0,D7/H
76,Rob Brantly,30,SFG,NL,1,3,3,0,0,0,0,0,0,0,0,0,0,0,0,0,0,-100,0,0,0,0,0,0,/2
77,Ryan Brasier,32,BOS,AL,1,0,0,0,0,0,0,0,0,0,0,0,0,,,,,,0,0,0,0,0,0,1
78,Ryan Braun,36,MIL,NL,39,141,129,14,30,7,1,8,26,1,0,7,27,0.233,0.281,0.488,0.769,101,63,6,2,0,1,0,9D/H3
79,Alex Bregman,26,HOU,AL,42,180,153,19,37,12,1,6,22,0,0,24,26,0.242,0.35,0.451,0.801,116,69,2,2,0,1,1,*5/H
80,Jose Briceno,27,LAA,AL,2,6,5,0,1,0,0,0,0,0,0,1,1,0.2,0.333,0.2,0.533,53,1,0,0,0,0,0,/2
81,Lewis Brinson,26,MIA,NL,47,112,106,14,24,6,0,3,12,4,0,6,30,0.226,0.268,0.368,0.636,72,39,2,0,0,0,0,*97H/8
82,Mike Brosseau,26,TBR,AL,36,98,86,12,26,5,1,5,12,2,0,8,31,0.302,0.378,0.558,0.936,158,48,1,3,0,1,0,35/4H7D19
83,Seth Brown,27,OAK,AL,7,5,5,0,0,0,0,0,0,0,0,0,2,0,0,0,0,-100,0,0,0,0,0,0,/H3D
84,Jay Bruce,33,PHI,NL,32,103,96,11,19,4,2,6,14,0,0,7,24,0.198,0.252,0.469,0.721,88,45,1,0,0,0,1,7D/H93
85,Kris Bryant,28,CHC,NL,34,147,131,20,27,5,1,4,11,0,0,12,40,0.206,0.293,0.351,0.644,73,46,1,4,0,0,0,5/7D3
86,Drew Butera,36,COL,NL,28,43,39,4,6,2,0,0,4,0,0,2,11,0.154,0.19,0.205,0.396,1,8,3,0,1,1,0,Feb-31
87,Byron Buxton,26,MIN,AL,39,135,130,19,33,3,0,13,27,2,1,2,36,0.254,0.267,0.577,0.844,124,75,2,1,0,2,0,8
88,Asdrubal Cabrera#,34,WSN,NL,52,213,190,23,46,9,3,8,31,0,0,19,40,0.242,0.305,0.447,0.753,98,85,6,0,0,4,0,35D/H
89,Miguel Cabrera,37,DET,AL,57,231,204,28,51,4,0,10,35,1,0,24,51,0.25,0.329,0.417,0.746,102,85,3,1,0,2,1,*D/H
90,Lorenzo Cain,34,MIL,NL,5,21,18,4,6,1,0,0,2,0,0,3,2,0.333,0.429,0.389,0.817,123,7,1,0,0,0,1,/8
91,Kole Calhoun,32,ARI,NL,54,228,190,35,43,9,0,16,40,1,1,28,50,0.226,0.338,0.526,0.864,127,100,6,6,0,4,0,*9/DH
92,Willie Calhoun,25,TEX,AL,29,108,100,3,19,2,1,1,13,0,0,5,17,0.19,0.231,0.26,0.491,34,26,1,1,0,2,0,D/7H
93,Johan Camargo#,26,ATL,NL,35,127,120,16,24,8,0,4,9,0,0,6,35,0.2,0.244,0.367,0.611,58,44,1,1,0,0,0,45/HD
94,Daz Cameron,23,DET,AL,17,59,57,4,11,2,1,0,3,1,0,2,19,0.193,0.22,0.263,0.483,32,15,1,0,0,0,0,9/H
95,Luis Campusano,21,SDP,NL,1,4,3,2,1,0,0,1,1,0,0,0,2,0.333,0.5,1.333,1.833,383,4,0,1,0,0,0,/D
96,Jeimer Candelario#,26,DET,AL,52,206,185,30,55,11,3,7,29,1,1,20,49,0.297,0.369,0.503,0.872,135,93,3,1,0,0,0,*35/H
97,Mark Canha,31,OAK,AL,59,243,191,32,47,12,2,5,33,4,0,37,54,0.246,0.387,0.408,0.795,126,78,2,10,0,5,1,D97/83
98,Robinson Cano,37,NYM,NL,49,182,171,23,54,9,0,10,30,0,0,9,24,0.316,0.352,0.544,0.896,144,93,7,1,0,1,1,4D/H
99,Victor Caratini#,26,CHC,NL,44,132,116,10,28,7,0,1,16,0,1,12,31,0.241,0.333,0.328,0.661,80,38,4,4,0,0,1,2D/H3
100,Dylan Carlson#,21,STL,NL,35,119,110,11,22,7,1,3,16,1,1,8,35,0.2,0.252,0.364,0.616,66,40,3,0,0,1,0,987/H
101,Matt Carpenter,34,STL,NL,50,169,140,22,26,6,0,4,24,0,0,23,48,0.186,0.325,0.314,0.64,77,44,1,6,0,0,1,5D/3H
102,Curt Casali,31,CIN,NL,31,93,76,10,17,3,0,6,8,1,0,14,29,0.224,0.366,0.5,0.866,126,38,2,3,0,0,0,2/HD
103,Nicholas Castellanos,28,CIN,NL,60,242,218,37,49,11,2,14,34,0,2,19,69,0.225,0.298,0.486,0.784,102,106,5,4,0,1,1,*9/DH
104,Harold Castro,26,DET,AL,22,54,49,6,17,4,0,0,3,0,0,5,11,0.347,0.407,0.429,0.836,129,21,1,0,0,0,0,/H759348D6
105,Jason Castro,33,TOT,MLB,27,92,80,8,15,9,0,2,9,0,0,12,33,0.188,0.293,0.375,0.668,83,30,2,0,0,0,0,2/H
106,Jason Castro,33,LAA,AL,18,62,52,5,10,4,0,2,6,0,0,10,23,0.192,0.323,0.385,0.707,94,20,1,0,0,0,0,2/H
107,Jason Castro,33,SDP,NL,9,30,28,3,5,5,0,0,3,0,0,2,10,0.179,0.233,0.357,0.59,61,10,1,0,0,0,0,/2
108,Starlin Castro,30,WSN,NL,16,63,60,9,16,3,1,2,4,0,0,3,13,0.267,0.302,0.45,0.752,97,27,0,0,0,0,0,4
109,Willi Castro#,23,DET,AL,36,140,129,21,45,4,2,6,24,0,1,7,38,0.349,0.381,0.55,0.932,150,71,0,1,1,2,0,6/54DH
110,Jake Cave,27,MIN,AL,42,123,113,17,25,3,2,4,15,0,2,5,44,0.221,0.285,0.389,0.674,84,44,0,5,0,0,0,89H/7D
111,Francisco Cervelli,34,MIA,NL,16,62,53,10,13,2,0,3,7,1,0,8,14,0.245,0.355,0.453,0.808,119,24,3,1,0,0,0,2
112,Yoenis Céspedes,34,NYM,NL,8,34,31,3,5,1,0,2,4,0,0,2,15,0.161,0.235,0.387,0.622,69,12,1,1,0,0,0,/D
113,Yu Chang,24,CLE,AL,10,13,11,1,2,0,0,0,1,0,0,2,4,0.182,0.308,0.182,0.49,38,2,2,0,0,0,0,/H654
114,Matt Chapman,27,OAK,AL,37,152,142,22,33,9,2,10,25,0,0,8,54,0.232,0.276,0.535,0.812,122,76,2,1,0,1,0,6-May
115,Michael Chavis,24,BOS,AL,42,158,146,16,31,5,2,5,19,3,0,8,50,0.212,0.259,0.377,0.636,69,55,6,2,0,2,0,37/4DH
116,Robinson Chirinos,36,TOT,MLB,26,82,74,4,12,3,0,1,7,0,0,6,21,0.162,0.232,0.243,0.475,31,18,5,1,0,1,0,2/DH
117,Robinson Chirinos,36,TEX,AL,14,49,42,3,5,1,0,0,2,0,0,5,12,0.119,0.224,0.143,0.367,4,6,3,1,0,1,0,2/DH
118,Robinson Chirinos,36,NYM,NL,12,33,32,1,7,2,0,1,5,0,0,1,9,0.219,0.242,0.375,0.617,68,12,2,0,0,0,0,2
119,Jazz Chisholm,22,MIA,NL,21,62,56,8,9,1,1,2,6,2,2,5,19,0.161,0.242,0.321,0.563,53,18,0,1,0,0,0,4/6H
120,Ji-Man Choi,29,TBR,AL,42,145,122,16,28,13,0,3,16,0,0,20,36,0.23,0.331,0.41,0.741,106,50,1,0,0,3,2,3H/D
121,Shin-Soo Choo,37,TEX,AL,33,127,110,13,26,3,0,5,15,6,2,13,33,0.236,0.323,0.4,0.723,96,44,1,2,0,2,1,7D/H9
122,Zack Collins,25,CHW,AL,9,18,16,1,1,1,0,0,0,0,0,2,5,0.063,0.167,0.125,0.292,-17,2,0,0,0,0,0,/DH23
123,Christian Colon,31,CIN,NL,11,24,23,3,3,1,0,0,2,1,0,1,3,0.13,0.167,0.174,0.341,-10,4,1,0,0,0,0,/4DH3
124,Michael Conforto,27,NYM,NL,54,233,202,40,65,12,0,9,31,3,3,24,57,0.322,0.412,0.515,0.927,156,104,6,7,0,0,0,*9/DH
125,William Contreras,22,ATL,NL,4,10,10,0,4,1,0,0,1,0,0,0,4,0.4,0.4,0.5,0.9,135,5,0,0,0,0,0,/2
126,Willson Contreras,28,CHC,NL,57,225,189,37,46,10,0,7,26,1,2,20,57,0.243,0.356,0.407,0.763,106,77,6,14,0,2,1,*2D
127,Garrett Cooper,29,MIA,NL,34,133,120,20,34,8,0,6,20,0,0,11,31,0.283,0.353,0.5,0.853,130,60,5,2,0,0,0,D3/H
128,Ryan Cordell,28,NYM,NL,5,8,8,0,1,0,0,0,0,1,0,0,3,0.125,0.125,0.125,0.25,-30,1,0,0,0,0,0,/8H9
129,Franchy Cordero,25,KCR,AL,16,42,38,7,8,3,0,2,7,1,0,4,4,0.211,0.286,0.447,0.733,96,17,1,0,0,0,0,/98HD7
130,Carlos Correa,25,HOU,AL,58,221,201,22,53,9,0,5,25,0,0,16,49,0.264,0.326,0.383,0.709,92,77,4,3,0,1,2,*6/H
131,Will Craig,25,PIT,NL,2,4,4,0,0,0,0,0,0,0,0,0,1,0,0,0,0,-100,0,0,0,0,0,0,/3
132,Brandon Crawford,33,SFG,NL,54,193,172,26,44,12,0,8,28,1,2,15,47,0.256,0.326,0.465,0.792,116,80,3,4,0,2,2,*6/H
133,J.P. Crawford,25,SEA,AL,53,232,204,33,52,7,2,2,24,6,3,23,39,0.255,0.336,0.338,0.674,92,69,4,3,0,2,0,*6
134,C.J. Cron,30,DET,AL,13,52,42,9,8,3,0,4,8,0,0,9,16,0.19,0.346,0.548,0.894,139,23,2,1,0,0,0,3
135,Kevin Cron,27,ARI,NL,8,20,17,0,0,0,0,0,0,0,0,1,7,0,0.15,0,0.15,-54,0,0,2,0,0,0,/DH3
136,Jake Cronenworth,26,SDP,NL,54,192,172,26,49,15,3,4,20,3,1,18,30,0.285,0.354,0.477,0.831,128,82,4,1,0,1,0,463/H5
137,Nelson Cruz,39,MIN,AL,53,214,185,33,56,6,0,16,33,0,0,25,58,0.303,0.397,0.595,0.992,169,110,8,4,0,0,5,*D/H
138,Charlie Culberson,31,ATL,NL,9,7,7,2,1,1,0,0,1,0,0,0,4,0.143,0.143,0.286,0.429,9,2,0,0,0,0,0,/H34D1
139,Cheslor Cuthbert,27,CHW,AL,1,1,1,0,0,0,0,0,0,0,0,0,0,0,0,0,0,-100,0,0,0,0,0,0,/5H
140,Travis d'Arnaud,31,ATL,NL,44,184,165,19,53,8,0,9,34,1,0,16,50,0.321,0.386,0.533,0.919,138,88,8,2,0,1,0,2/DH
141,David Dahl,26,COL,NL,24,99,93,9,17,2,2,0,9,1,0,4,28,0.183,0.222,0.247,0.47,19,23,0,1,0,1,0,8/7D9
142,Bobby Dalbec,25,BOS,AL,23,92,80,13,21,3,0,8,16,0,0,10,39,0.263,0.359,0.6,0.959,152,48,0,2,0,0,0,3/5D
143,Matt Davidson,29,CIN,NL,20,47,43,3,7,1,0,3,11,0,0,4,13,0.163,0.234,0.395,0.629,62,17,2,0,0,0,0,DH/13
144,Austin Davis,27,TOT,NL,1,0,0,0,0,0,0,0,0,0,0,0,0,,,,,,0,0,0,0,0,0,/1
145,Austin Davis,27,PHI,NL,1,0,0,0,0,0,0,0,0,0,0,0,0,,,,,,0,0,0,0,0,0,/1
146,Chris Davis,34,BAL,AL,16,55,52,3,6,3,0,0,1,0,0,3,17,0.115,0.164,0.173,0.337,-7,9,0,0,0,0,0,3/H
147,J.D. Davis,27,NYM,NL,56,229,190,26,47,9,0,6,19,0,0,31,56,0.247,0.371,0.389,0.761,112,74,8,7,0,1,1,5D/7H
148,Jaylin Davis,25,SFG,NL,4,12,12,2,2,0,0,1,1,0,0,0,6,0.167,0.167,0.417,0.583,54,5,0,0,0,0,0,/9
149,Jonathan Davis,28,TOR,AL,13,34,27,4,7,2,0,1,6,1,0,3,11,0.259,0.364,0.444,0.808,121,12,1,2,0,1,0,/987H
150,Khris Davis,32,OAK,AL,30,99,85,9,17,5,0,2,10,0,0,10,26,0.2,0.303,0.329,0.632,79,28,5,3,0,1,0,D/H
151,Austin Dean,26,STL,NL,3,7,4,1,1,1,0,0,0,0,0,3,2,0.25,0.571,0.5,1.071,198,2,0,0,0,0,0,/73H9
152,Paul DeJong,26,STL,NL,45,174,152,17,38,6,0,3,25,1,0,17,50,0.25,0.322,0.349,0.671,84,53,4,1,0,4,0,*6
153,Nicky Delmonico,27,CHW,AL,6,22,20,0,3,0,0,0,3,0,0,2,2,0.15,0.227,0.15,0.377,8,3,2,0,0,0,0,/97
154,Travis Demeritte,25,DET,AL,18,33,29,5,5,1,0,0,4,0,0,3,14,0.172,0.273,0.207,0.48,34,6,0,1,0,0,0,9/HD71
155,Delino DeShields,27,CLE,AL,37,120,107,10,27,3,2,0,7,3,2,9,29,0.252,0.31,0.318,0.628,71,34,0,0,4,0,0,8/HD
156,Rafael Devers,23,BOS,AL,57,248,232,32,61,16,1,11,43,0,0,13,67,0.263,0.31,0.483,0.793,110,112,8,3,0,0,0,*5/H
157,Aledmys Díaz,29,HOU,AL,17,59,58,8,14,5,0,3,6,0,0,1,12,0.241,0.254,0.483,0.737,94,28,1,0,0,0,0,4/53D7H
158,Elias Diaz,29,COL,NL,26,73,68,4,16,2,0,2,9,0,0,5,15,0.235,0.288,0.353,0.641,62,24,4,0,0,0,0,2/HD
159,Isan Diaz,24,MIA,NL,7,22,22,3,4,0,0,0,1,0,0,0,7,0.182,0.182,0.182,0.364,0,4,0,0,0,0,0,/4
160,Lewin Diaz,23,MIA,NL,14,41,39,2,6,2,0,0,3,0,0,2,12,0.154,0.195,0.205,0.4,10,8,2,0,0,0,0,3/HD
161,Yandy Díaz,28,TBR,AL,34,138,114,16,35,3,0,2,11,0,0,23,17,0.307,0.428,0.386,0.814,131,44,6,1,0,0,1,5/DH3
162,Alex Dickerson,30,SFG,NL,52,170,151,28,45,10,1,10,27,0,0,16,30,0.298,0.371,0.576,0.947,157,87,5,2,0,1,2,*7H/9D
163,Corey Dickerson,31,MIA,NL,52,210,194,25,50,5,1,7,17,1,1,15,35,0.258,0.311,0.402,0.713,94,78,5,0,0,0,1,*7/DH9
164,Derek Dietrich,30,TEX,AL,25,75,61,9,12,1,0,5,8,1,1,9,21,0.197,0.347,0.459,0.806,118,28,4,5,0,0,0,/D3H45
165,Wilmer Difo#,28,WSN,NL,12,18,14,1,1,0,0,0,1,0,0,3,4,0.071,0.222,0.071,0.294,-16,1,0,0,0,1,0,/4H65D
166,Brandon Dixon,28,DET,AL,5,14,13,0,1,1,0,0,2,0,0,1,4,0.077,0.143,0.154,0.297,-19,2,1,0,0,0,0,/37H4
167,Josh Donaldson,34,MIN,AL,28,102,81,14,18,2,0,6,11,0,0,18,24,0.222,0.373,0.469,0.842,131,38,4,2,0,1,1,5/H
168,Brian Dozier,33,NYM,NL,7,16,15,1,2,0,0,0,0,0,0,1,5,0.133,0.188,0.133,0.321,-8,2,1,0,0,0,0,/4DH
169,Hunter Dozier,28,KCR,AL,44,186,158,29,36,4,2,6,12,4,0,27,48,0.228,0.344,0.392,0.736,101,62,3,1,0,0,0,39/75
170,Brandon Drury,27,TOR,AL,21,49,46,3,7,1,0,0,1,0,0,2,9,0.152,0.184,0.174,0.358,0,8,0,0,0,1,0,5/46H
171,Mauricio Dubon,25,SFG,NL,54,177,157,21,43,4,1,4,19,2,3,15,36,0.274,0.337,0.389,0.726,101,61,4,1,1,2,0,*8/46H
172,Steven Duggar,26,SFG,NL,21,36,34,3,6,2,0,0,3,1,0,1,11,0.176,0.222,0.235,0.458,27,8,1,1,0,0,0,7/98H
173,Adam Duvall,31,ATL,NL,57,209,190,34,45,8,0,16,33,0,0,15,54,0.237,0.301,0.532,0.833,113,101,2,3,0,1,0,*79/H8D
174,Jarrod Dyson,35,TOT,MLB,32,66,61,9,11,0,0,0,5,6,0,4,11,0.18,0.231,0.18,0.411,15,11,0,0,1,0,0,8/H7D9
175,Jarrod Dyson,35,PIT,NL,21,55,51,6,8,0,0,0,5,4,0,4,10,0.157,0.218,0.157,0.375,6,8,0,0,0,0,0,8/H
176,Jarrod Dyson,35,CHW,AL,11,11,10,3,3,0,0,0,0,2,0,0,1,0.3,0.3,0.3,0.6,67,3,0,0,1,0,0,/7H8D9
177,Adam Eaton,31,WSN,NL,41,176,159,22,36,11,1,4,17,3,0,12,32,0.226,0.285,0.384,0.669,76,61,4,1,4,0,1,*9/H
178,Tommy Edman#,25,STL,NL,55,227,204,29,51,7,1,5,26,2,4,16,48,0.25,0.317,0.368,0.685,87,75,5,5,0,2,0,596/47H
179,Seth Elledge,24,STL,NL,1,0,0,0,0,0,0,0,0,0,0,0,0,,,,,,0,0,0,0,0,0,1
180,Edwin Encarnacion,37,CHW,AL,44,181,159,19,25,5,0,10,19,0,0,16,54,0.157,0.25,0.377,0.627,70,60,3,4,0,1,0,*D/H
181,Adam Engel,28,CHW,AL,36,93,88,11,26,5,1,3,12,1,0,3,19,0.295,0.333,0.477,0.811,121,42,1,2,0,0,0,9H/78
182,Phil Ervin,27,TOT,MLB,37,89,74,10,11,3,0,0,4,1,0,14,22,0.149,0.292,0.189,0.481,36,14,2,1,0,0,0,9H7/8D
183,Phil Ervin,27,CIN,NL,19,42,35,5,3,0,0,0,0,1,0,6,8,0.086,0.238,0.086,0.324,-9,3,1,1,0,0,0,H7/8D9
184,Phil Ervin,27,SEA,AL,18,47,39,5,8,3,0,0,4,0,0,8,14,0.205,0.34,0.282,0.622,80,11,1,0,0,0,0,9/H
185,Eduardo Escobar#,31,ARI,NL,54,222,203,22,43,7,3,4,20,1,0,15,41,0.212,0.27,0.335,0.605,61,68,5,2,0,2,4,*5/D4
186,Santiago Espinal,25,TOR,AL,26,66,60,10,16,4,0,0,6,1,0,4,16,0.267,0.308,0.333,0.641,77,20,1,0,1,1,0,6/H51
187,Thairo Estrada,24,NYY,AL,26,52,48,8,8,0,0,1,3,1,0,1,19,0.167,0.231,0.229,0.46,29,11,0,3,0,0,0,4/5H6
188,Phillip Evans,27,PIT,NL,11,45,39,6,14,2,0,1,9,0,1,5,7,0.359,0.444,0.487,0.932,156,19,1,1,0,0,0,/5379
189,Kyle Farmer,29,CIN,NL,32,70,64,4,17,3,0,0,4,1,0,5,13,0.266,0.329,0.313,0.641,71,20,0,1,0,0,0,64/573H
190,Derek Fisher,26,TOR,AL,16,39,31,5,7,2,1,1,7,0,1,7,11,0.226,0.359,0.452,0.811,122,14,0,0,0,1,0,9/7HD
191,David Fletcher,26,LAA,AL,49,230,207,31,66,13,0,3,18,2,1,20,25,0.319,0.376,0.425,0.801,121,88,4,0,1,2,0,64/59
192,Wilmer Flores,28,SFG,NL,55,213,198,30,53,11,1,12,32,1,0,13,36,0.268,0.315,0.515,0.83,125,102,5,1,0,1,1,D34/H5
193,Estevan Florial,22,NYY,AL,1,3,3,0,1,0,0,0,0,0,0,0,2,0.333,0.333,0.333,0.667,87,1,0,0,0,0,0,/8
194,Tyler Flowers,34,ATL,NL,22,80,69,5,15,6,0,1,5,0,0,8,34,0.217,0.325,0.348,0.673,77,24,1,3,0,0,0,2
195,Mike Ford,27,NYY,AL,29,84,74,5,10,4,0,2,11,0,0,7,16,0.135,0.226,0.27,0.496,37,20,4,2,0,1,0,3H/D
196,Logan Forsythe,33,MIA,NL,12,38,34,2,4,1,0,1,2,0,0,4,12,0.118,0.211,0.235,0.446,22,8,0,0,0,0,0,/43D1
197,Matt Foster,25,CHW,AL,1,0,0,0,0,0,0,0,0,0,0,0,0,,,,,,0,0,0,0,0,0,1
198,Dexter Fowler#,34,STL,NL,31,101,90,14,21,2,0,4,15,1,1,10,28,0.233,0.317,0.389,0.706,92,35,2,1,0,0,0,9/DH
199,Jake Fraley,25,SEA,AL,7,29,26,3,4,1,1,0,0,2,1,2,11,0.154,0.241,0.269,0.511,45,7,0,1,0,0,0,/97
200,Ty France,25,TOT,MLB,43,155,141,19,43,9,1,4,23,0,0,11,37,0.305,0.368,0.468,0.836,133,66,3,3,0,0,0,D4/H53
201,Ty France,25,SDP,NL,20,61,55,9,17,4,0,2,10,0,0,5,15,0.309,0.377,0.491,0.868,139,27,1,1,0,0,0,D/H35
202,Ty France,25,SEA,AL,23,94,86,10,26,5,1,2,13,0,0,6,22,0.302,0.362,0.453,0.815,129,39,2,2,0,0,0,4/D5
203,Maikel Franco,27,KCR,AL,60,243,223,23,62,16,0,8,38,1,0,16,38,0.278,0.321,0.457,0.778,109,102,4,0,0,4,1,*5/D3
204,Adam Frazier,28,PIT,NL,58,230,209,22,48,7,0,7,23,1,3,17,35,0.23,0.297,0.364,0.661,80,76,3,3,1,0,0,*47/HD
205,Clint Frazier,25,NYY,AL,39,160,131,24,35,6,1,8,26,3,0,25,44,0.267,0.394,0.511,0.905,149,67,5,3,0,1,0,9/7D
206,Todd Frazier,34,TOT,MLB,45,172,157,16,37,9,1,4,12,1,1,11,42,0.236,0.302,0.382,0.684,87,60,1,4,0,0,0,53/1H
207,Todd Frazier,34,TEX,AL,31,121,108,11,26,7,1,2,7,1,1,10,26,0.241,0.322,0.38,0.702,91,41,0,3,0,0,0,35/H
208,Todd Frazier,34,NYM,NL,14,51,49,5,11,2,0,2,5,0,0,1,16,0.224,0.255,0.388,0.643,75,19,1,1,0,0,0,1-May
209,Freddie Freeman,30,ATL,NL,60,262,214,51,73,23,1,13,53,2,0,45,37,0.341,0.462,0.64,1.102,186,137,6,3,0,0,7,*3/DH
210,Mike Freeman,32,CLE,AL,24,43,38,5,9,3,0,0,3,0,0,3,11,0.237,0.302,0.316,0.618,68,12,0,1,0,1,0,H/5476D3
211,Josh Fuentes,27,COL,NL,30,103,98,14,30,7,0,2,17,1,0,2,29,0.306,0.32,0.439,0.759,90,43,1,1,0,2,0,3/5H79
212,Cam Gallagher,27,KCR,AL,25,60,53,10,15,5,0,1,3,0,0,6,11,0.283,0.356,0.434,0.79,115,23,0,0,1,0,0,2
213,Joey Gallo,26,TEX,AL,57,226,193,23,35,8,0,10,26,2,0,29,79,0.181,0.301,0.378,0.679,84,73,0,4,0,0,2,*9/DH8
214,Freddy Galvis#,30,CIN,NL,47,159,141,18,31,5,0,7,16,1,1,13,30,0.22,0.308,0.404,0.712,86,57,5,5,0,0,0,64/H
215,Ben Gamel,28,MIL,NL,40,127,114,13,27,8,1,3,10,0,2,13,39,0.237,0.315,0.404,0.718,92,46,4,0,0,0,0,98/H7
216,Adolis García,27,TEX,AL,3,7,6,0,0,0,0,0,0,0,0,1,4,0,0.143,0,0.143,-56,0,0,0,0,0,0,/7
217,Avisail Garcia,29,MIL,NL,53,207,181,20,43,10,0,2,15,1,3,20,49,0.238,0.333,0.326,0.659,79,59,2,6,0,0,2,*8/9DH
218,Greg Garcia,30,SDP,NL,35,71,60,6,12,3,0,0,11,1,0,7,18,0.2,0.279,0.25,0.529,49,15,0,0,3,1,0,H45D
219,José García,22,CIN,NL,24,68,67,4,13,0,0,0,2,1,1,1,26,0.194,0.206,0.194,0.4,7,13,1,0,0,0,0,6/HD
220,Leury Garcia#,29,CHW,AL,16,63,59,6,16,1,0,3,8,0,0,4,9,0.271,0.317,0.441,0.758,107,26,0,0,0,0,0,6/49H
221,Luis Garcia,20,WSN,NL,40,139,134,18,37,6,0,2,16,1,1,5,29,0.276,0.302,0.366,0.668,78,49,3,0,0,0,0,4/6H
222,Brett Gardner,36,NYY,AL,49,158,130,20,29,5,1,5,15,3,3,26,35,0.223,0.354,0.392,0.747,108,51,0,1,0,1,0,*78/HD
223,Kyle Garlick,28,PHI,NL,12,23,22,0,3,1,0,0,3,0,0,0,7,0.136,0.174,0.182,0.356,-4,4,0,1,0,0,0,/79HD
224,Dustin Garneau,32,HOU,AL,17,46,38,4,6,0,1,1,4,0,0,6,15,0.158,0.273,0.289,0.562,54,11,1,0,2,0,0,2/H
225,Mitch Garver,29,MIN,AL,23,81,72,8,12,1,0,2,5,0,0,7,37,0.167,0.247,0.264,0.511,42,19,1,1,0,1,0,2/H3
226,Andres Gimenez,21,NYM,NL,49,132,118,22,31,3,2,3,12,8,1,7,28,0.263,0.333,0.398,0.732,102,47,0,6,0,1,0,645/H
227,Ryan Goins,32,CHW,AL,14,10,9,4,0,0,0,0,0,0,0,1,1,0,0.1,0,0.1,-68,0,0,0,0,0,0,/HD564
228,Paul Goldschmidt,32,STL,NL,58,231,191,31,58,13,0,6,21,1,0,37,43,0.304,0.417,0.466,0.883,142,89,4,1,0,1,0,*3/D
229,Yan Gomes,32,WSN,NL,30,119,109,14,31,6,1,4,13,1,0,6,22,0.284,0.319,0.468,0.787,107,51,1,1,0,3,0,2
230,Tony Gonsolin,26,LAD,NL,1,0,0,0,0,0,0,0,0,0,0,0,0,,,,,,0,0,0,0,0,0,/1
231,Erik Gonzalez,28,PIT,NL,50,193,181,14,41,13,1,3,20,2,3,8,51,0.227,0.255,0.359,0.614,66,65,5,0,1,3,0,65/HD
232,Luis Gonzalez,24,CHW,AL,3,2,1,1,0,0,0,0,0,0,0,0,1,0,0.5,0,0.5,58,0,0,1,0,0,0,/H8D7
233,Marwin Gonzalez#,31,MIN,AL,53,199,175,15,37,4,0,5,22,0,0,17,41,0.211,0.286,0.32,0.606,68,56,1,3,0,4,0,543/9H
234,Niko Goodrum#,28,DET,AL,43,179,158,15,29,7,1,5,20,7,1,18,69,0.184,0.263,0.335,0.598,62,53,4,0,0,3,0,64/H
235,Brian Goodwin,29,TOT,MLB,50,164,144,17,31,9,1,6,22,5,0,17,54,0.215,0.299,0.417,0.715,92,60,1,1,0,2,1,*879/HD
236,Brian Goodwin,29,LAA,AL,30,109,95,12,23,7,1,4,17,1,0,12,35,0.242,0.33,0.463,0.793,116,44,0,1,0,1,1,79/8H
237,Brian Goodwin,29,CIN,NL,20,55,49,5,8,2,0,2,5,4,0,5,19,0.163,0.236,0.327,0.563,47,16,1,0,0,1,0,8/H7D9
238,Alex Gordon,36,KCR,AL,50,184,163,15,34,4,0,4,11,0,0,18,37,0.209,0.299,0.307,0.606,66,50,0,3,0,0,0,*7/H
239,Terrance Gore,29,LAD,NL,2,0,0,0,0,0,0,0,0,0,0,0,0,,,,,,0,0,0,0,0,0,/8DH
240,Phil Gosselin,31,PHI,NL,39,102,92,14,23,5,0,3,12,0,0,10,27,0.25,0.324,0.402,0.726,94,37,3,0,0,0,1,D/H37945
241,Yasmani Grandal#,31,CHW,AL,46,194,161,27,37,7,0,8,27,0,0,30,58,0.23,0.351,0.422,0.773,113,68,4,1,0,2,0,2/D3H
242,Chad Green,29,NYY,AL,1,0,0,0,0,0,0,0,0,0,0,0,0,,,,,,0,0,0,0,0,0,1
243,Didi Gregorius,30,PHI,NL,60,237,215,34,61,10,2,10,40,3,2,15,28,0.284,0.339,0.488,0.827,119,105,4,4,1,2,3,*6/H
244,Grayson Greiner,27,DET,AL,18,55,51,8,6,2,0,3,8,0,0,3,20,0.118,0.182,0.333,0.515,36,17,2,1,0,0,0,2
245,Randal Grichuk,28,TOR,AL,55,231,216,38,59,9,0,12,35,1,1,13,49,0.273,0.312,0.481,0.793,114,104,5,0,0,2,1,*8/D
246,Trent Grisham,23,SDP,NL,59,252,215,42,54,8,3,10,26,10,1,31,64,0.251,0.352,0.456,0.808,122,98,1,3,1,1,0,*8/H
247,Robbie Grossman#,30,OAK,AL,51,192,166,23,40,12,2,8,23,8,1,21,38,0.241,0.344,0.482,0.826,130,80,1,5,0,0,2,*7/H8D9
248,Deivy Grullon,24,BOS,AL,1,4,3,0,1,0,0,0,1,0,0,1,1,0.333,0.5,0.333,0.833,133,1,0,0,0,0,0,/2
249,Vladimir Guerrero Jr.,21,TOR,AL,60,243,221,34,58,13,2,9,33,1,0,20,38,0.262,0.329,0.462,0.791,115,102,6,2,0,0,1,3D/H
250,Luis Guillorme,25,NYM,NL,29,68,57,6,19,6,0,0,9,2,0,10,17,0.333,0.426,0.439,0.865,141,25,3,0,0,1,0,4/H561
251,Lourdes Gurriel Jr.,26,TOR,AL,57,224,208,28,64,14,0,11,33,3,1,14,48,0.308,0.348,0.534,0.882,138,111,7,0,0,2,0,*7/HD3
252,Yuli Gurriel,36,HOU,AL,57,230,211,27,49,12,1,6,22,0,1,12,27,0.232,0.274,0.384,0.658,76,81,6,2,0,5,0,*3/DH
253,Kelvin Gutierrez,25,KCR,AL,4,12,9,0,1,0,0,0,0,0,0,3,6,0.111,0.333,0.111,0.444,30,1,0,0,0,0,0,/5DH
254,Ronald Guzman,25,TEX,AL,26,86,78,10,19,1,1,4,9,1,0,7,24,0.244,0.314,0.436,0.75,102,34,0,1,0,0,0,3/H
255,Jedd Gyorko,31,MIL,NL,42,135,117,19,29,3,0,9,17,0,0,15,38,0.248,0.333,0.504,0.838,121,59,4,1,0,2,1,35/HD1
256,Eric Haase,27,DET,AL,7,19,17,1,3,0,0,0,2,0,0,1,6,0.176,0.211,0.176,0.387,8,3,0,0,0,1,0,/2
257,Josh Hader,26,MIL,NL,1,0,0,0,0,0,0,0,0,0,0,0,0,,,,,,0,0,0,0,0,0,1
258,Sam Haggerty#,26,SEA,AL,13,54,50,7,13,4,0,1,6,4,0,4,16,0.26,0.315,0.4,0.715,101,20,0,0,0,0,0,7/5D9
259,Billy Hamilton#,29,TOT,NL,31,36,32,10,4,0,0,1,2,6,2,2,7,0.125,0.171,0.219,0.39,7,7,0,0,1,1,0,8H/D
260,Billy Hamilton#,29,NYM,NL,17,25,22,4,1,0,0,0,1,3,1,1,3,0.045,0.083,0.045,0.129,-63,1,0,0,1,1,0,8/HD
261,Billy Hamilton#,29,CHC,NL,14,11,10,6,3,0,0,1,1,3,1,1,4,0.3,0.364,0.6,0.964,154,6,0,0,0,0,0,8/HD
262,Garrett Hampson,25,COL,NL,53,184,167,25,39,4,3,5,11,6,1,13,60,0.234,0.287,0.383,0.671,68,64,1,0,3,1,0,48/H76D
263,Ian Happ#,25,CHC,NL,57,231,198,27,51,11,1,12,28,1,3,30,63,0.258,0.361,0.505,0.866,131,100,1,2,1,0,1,*87/9H3D
264,Bryce Harper,27,PHI,NL,58,244,190,41,51,9,2,13,33,8,2,49,43,0.268,0.42,0.542,0.962,157,103,5,2,1,2,8,*9D/8
265,Josh Harrison,32,WSN,NL,33,91,79,11,22,2,0,3,14,1,2,6,12,0.278,0.352,0.418,0.769,105,33,2,4,0,2,0,45/HD793
266,Monte Harrison,24,MIA,NL,32,51,47,8,8,1,0,1,3,6,0,4,26,0.17,0.235,0.255,0.491,35,12,0,0,0,0,0,89H
267,Adam Haseley,24,PHI,NL,40,92,79,7,22,5,0,0,13,0,0,7,17,0.278,0.348,0.342,0.69,87,27,3,2,3,1,1,87/9H
268,Ke'Bryan Hayes,23,PIT,NL,24,95,85,17,32,7,2,5,11,1,0,9,20,0.376,0.442,0.682,1.124,202,58,2,1,0,0,2,5
269,Austin Hays,24,BAL,AL,33,134,122,20,34,2,0,4,9,2,3,8,25,0.279,0.328,0.393,0.722,98,48,1,2,0,2,0,87/9H
270,Ryon Healy,28,MIL,NL,4,7,7,0,1,0,0,0,0,0,0,0,2,0.143,0.143,0.143,0.286,-22,1,0,0,0,0,0,/3DH
271,Nick Heath,26,KCR,AL,15,18,13,2,2,1,0,0,3,2,2,2,6,0.154,0.313,0.231,0.543,53,3,0,1,1,0,0,/H8D7
272,Adeiny Hechavarria,31,ATL,NL,27,63,59,7,15,3,0,0,2,0,0,4,12,0.254,0.302,0.305,0.607,61,18,1,0,0,0,0,4/5H6D
273,Austin Hedges,27,TOT,MLB,35,83,69,7,10,1,0,3,6,1,1,6,23,0.145,0.231,0.29,0.521,43,20,3,2,5,1,0,2/DH
274,Austin Hedges,27,SDP,NL,29,71,57,7,9,1,0,3,6,1,1,6,18,0.158,0.258,0.333,0.591,63,19,3,2,5,1,0,2/DH
275,Austin Hedges,27,CLE,AL,6,12,12,0,1,0,0,0,0,0,0,0,5,0.083,0.083,0.083,0.167,-54,1,0,0,0,0,0,/2
276,Jonah Heim#,25,OAK,AL,13,41,38,5,8,0,0,0,5,0,0,3,3,0.211,0.268,0.211,0.479,39,8,1,0,0,0,0,2/DH
277,Scott Heineman,27,TEX,AL,24,54,52,6,8,3,0,1,7,3,0,2,11,0.154,0.185,0.269,0.454,22,14,1,0,0,0,0,8/H7D39
278,Tyler Heineman#,29,SFG,NL,15,50,42,3,8,1,0,0,1,1,0,4,6,0.19,0.292,0.214,0.506,44,9,0,2,2,0,0,1-Feb
279,Kyle Hendricks,30,CHC,NL,1,0,0,0,0,0,0,0,0,0,0,0,0,,,,,,0,0,0,0,0,0,1
280,Guillermo Heredia,29,TOT,NL,15,36,33,6,7,0,0,2,5,1,0,3,9,0.212,0.278,0.394,0.672,83,13,0,0,0,0,0,/89H
281,Guillermo Heredia,29,PIT,NL,8,18,16,2,3,0,0,0,2,1,0,2,4,0.188,0.278,0.188,0.465,32,3,0,0,0,0,0,/98H
282,Guillermo Heredia,29,NYM,NL,7,18,17,4,4,0,0,2,3,0,0,1,5,0.235,0.278,0.588,0.866,131,10,0,0,0,0,0,/8H
283,Michael Hermosillo,25,LAA,AL,7,10,8,0,2,0,0,0,2,1,0,1,1,0.25,0.3,0.25,0.55,55,2,0,0,0,1,0,/78H
284,Cesar Hernandez#,30,CLE,AL,58,261,233,35,66,20,0,3,20,0,0,24,57,0.283,0.355,0.408,0.763,106,95,3,2,1,0,0,*4/H
285,Enrique Hernandez,28,LAD,NL,48,148,139,20,32,8,1,5,20,0,1,6,31,0.23,0.27,0.41,0.68,83,57,5,2,0,1,0,4H/9783D6
286,Oscar Hernandez,26,KCR,AL,4,4,4,1,2,0,0,0,0,0,0,0,1,0.5,0.5,0.5,1,175,2,1,0,0,0,0,/2H
287,Teoscar Hernandez,27,TOR,AL,50,207,190,33,55,7,0,16,34,6,1,14,63,0.289,0.34,0.579,0.919,146,110,4,1,0,1,0,*9/8DH
288,Yadiel Hernández,32,WSN,NL,12,28,26,3,5,3,0,1,6,0,0,1,12,0.192,0.214,0.423,0.637,64,11,0,0,0,1,0,/DH9
289,Dilson Herrera,26,BAL,AL,3,6,5,0,0,0,0,0,0,0,0,0,4,0,0.167,0,0.167,-48,0,0,1,0,0,0,/38H
290,Jason Heyward,30,CHC,NL,50,181,147,20,39,6,2,6,22,2,0,30,37,0.265,0.392,0.456,0.848,129,67,1,2,0,2,1,*9/H
291,Aaron Hicks#,30,NYY,AL,54,211,169,28,38,10,2,6,21,4,1,41,38,0.225,0.379,0.414,0.793,121,70,4,1,0,0,1,*8/HD
292,Kyle Higashioka,30,NYY,AL,16,48,48,7,12,1,0,4,10,0,0,0,11,0.25,0.25,0.521,0.771,106,25,0,0,0,0,0,2/HD
293,Derek Hill,24,DET,AL,15,12,11,3,1,0,0,0,0,0,0,1,6,0.091,0.167,0.091,0.258,-26,1,0,0,0,0,0,8/HD
294,Tim Hill,30,SDP,NL,1,1,1,0,0,0,0,0,0,0,0,0,1,0,0,0,0,-100,0,0,0,0,0,0,1
295,Sam Hilliard,26,COL,NL,36,114,105,13,22,2,2,6,10,3,0,9,42,0.21,0.272,0.438,0.71,76,46,0,0,0,0,0,798/HD
296,Keston Hiura,23,MIL,NL,59,246,217,30,46,4,0,13,32,3,2,16,85,0.212,0.297,0.41,0.707,88,89,7,11,0,2,2,*4D
297,Nico Hoerner,23,CHC,NL,48,126,108,19,24,4,0,0,13,3,2,12,24,0.222,0.312,0.259,0.571,57,28,3,3,0,2,0,46/5H8D7
298,Bryan Holaday,32,BAL,AL,20,33,31,5,5,1,0,0,4,0,0,2,9,0.161,0.212,0.194,0.406,13,6,1,0,0,0,0,2/H3D1
299,Jonathan Holder,27,NYY,AL,1,0,0,1,0,0,0,0,0,0,0,0,0,,,,,,0,0,0,0,0,0,1
300,Brock Holt,32,TOT,NL,36,106,95,12,20,6,0,0,5,1,0,9,24,0.211,0.283,0.274,0.557,51,26,3,1,0,1,0,5/7H39D1
301,Brock Holt,32,MIL,NL,16,36,30,1,3,0,0,0,1,0,0,4,9,0.1,0.222,0.1,0.322,-8,3,2,1,0,1,0,5/H79
302,Brock Holt,32,WSN,NL,20,70,65,11,17,6,0,0,4,1,0,5,15,0.262,0.314,0.354,0.668,78,23,1,0,0,0,0,/753HD19
303,Rhys Hoskins,27,PHI,NL,41,185,151,35,37,9,0,10,26,1,0,29,43,0.245,0.384,0.503,0.887,137,76,4,5,0,0,0,*3/D
304,Eric Hosmer,30,SDP,NL,38,156,143,23,41,6,0,9,36,4,0,9,28,0.287,0.333,0.517,0.851,131,74,3,2,0,2,0,3/DH
305,Joe Hudson,29,SEA,AL,9,20,17,0,3,0,0,0,0,0,0,2,5,0.176,0.263,0.176,0.44,29,3,0,0,1,0,0,/2
306,Sam Huff,22,TEX,AL,10,33,31,5,11,3,0,3,4,0,0,2,11,0.355,0.394,0.742,1.136,200,23,0,0,0,0,0,2
307,José Iglesias,30,BAL,AL,39,150,142,16,53,17,0,3,24,0,0,3,17,0.373,0.4,0.556,0.956,160,79,1,4,0,1,0,6D/H
308,Raisel Iglesias,30,CIN,NL,1,0,0,0,0,0,0,0,0,0,0,0,0,,,,,,0,0,0,0,0,0,1
309,Ender Inciarte,29,ATL,NL,46,131,116,17,22,2,1,1,10,4,1,12,25,0.19,0.262,0.25,0.512,36,29,0,0,1,2,0,*8/H
310,Alex Jackson,24,ATL,NL,5,7,7,0,2,1,0,0,0,0,0,0,4,0.286,0.286,0.429,0.714,84,3,1,0,0,0,0,/2H
311,Travis Jankowski,29,CIN,NL,16,17,15,3,1,0,0,0,0,2,1,2,7,0.067,0.176,0.067,0.243,-32,1,1,0,0,0,0,/8H9D7
312,Danny Jansen,25,TOR,AL,43,147,120,18,22,3,0,6,20,0,0,21,31,0.183,0.313,0.358,0.671,85,43,1,2,3,1,0,*2/H
313,Jon Jay,35,ARI,NL,18,57,50,5,8,1,0,1,4,0,0,3,12,0.16,0.211,0.24,0.451,21,12,0,1,0,3,0,/987DH
314,Ryan Jeffers,23,MIN,AL,26,62,55,5,15,0,0,3,7,0,0,5,19,0.273,0.355,0.436,0.791,118,24,0,2,0,0,0,2/DH
315,Jeremy Jeffress,32,CHC,NL,2,0,0,0,0,0,0,0,0,0,0,0,0,,,,,,0,0,0,0,0,0,1
316,Eloy Jimenez,23,CHW,AL,55,226,213,26,63,14,0,14,41,0,0,12,56,0.296,0.332,0.559,0.891,140,119,4,0,0,1,0,*7/D
317,Daniel Johnson,24,CLE,AL,5,13,12,0,1,0,0,0,0,0,0,1,5,0.083,0.154,0.083,0.237,-33,1,0,0,0,0,1,/97H
318,JaCoby Jones,28,DET,AL,30,108,97,19,26,9,0,5,14,1,1,7,34,0.268,0.333,0.515,0.849,127,50,1,3,0,1,0,8/H
319,Jahmai Jones,22,LAA,AL,3,7,7,2,3,0,0,0,1,0,0,0,2,0.429,0.429,0.429,0.857,138,3,0,0,0,0,0,/4H
320,Taylor Jones,26,HOU,AL,7,22,21,3,4,1,0,1,3,0,0,1,7,0.19,0.227,0.381,0.608,61,8,2,0,0,0,0,/D3H
321,Caleb Joseph,34,TOR,AL,3,9,8,2,1,0,0,1,2,0,0,1,1,0.125,0.222,0.5,0.722,90,4,0,0,0,0,0,/2
322,Matthew Joyce,35,MIA,NL,46,148,127,16,32,4,0,2,14,1,0,20,41,0.252,0.351,0.331,0.682,89,42,3,0,0,1,0,97D/H
323,Aaron Judge,28,NYY,AL,28,114,101,23,26,3,0,9,22,0,1,10,32,0.257,0.336,0.554,0.891,142,56,5,2,0,0,0,9/DH
324,Trevor Kelley,26,PHI,NL,1,0,0,0,0,0,0,0,0,0,0,0,0,,,,,,0,0,0,0,0,0,/1
325,Carson Kelly,25,ARI,NL,39,129,122,11,27,5,0,5,19,0,0,6,29,0.221,0.264,0.385,0.649,71,47,4,1,0,0,0,2/HD1
326,Matt Kemp,35,COL,NL,43,132,117,18,28,3,0,6,21,1,0,15,41,0.239,0.326,0.419,0.745,88,49,5,0,0,0,1,DH/7
327,Tony Kemp,28,OAK,AL,49,114,93,15,23,5,0,0,4,3,1,15,14,0.247,0.363,0.301,0.664,92,28,0,3,1,2,0,*4/H7D
328,Howie Kendrick,36,WSN,NL,25,100,91,11,25,4,0,2,14,0,0,7,17,0.275,0.32,0.385,0.705,87,35,4,0,0,2,2,D/3
329,Max Kepler,27,MIN,AL,48,196,171,27,39,9,0,9,23,3,0,22,36,0.228,0.321,0.439,0.76,108,75,1,2,0,1,0,*9/8HD
330,Carter Kieboom,22,WSN,NL,33,122,99,15,20,1,0,0,9,0,1,17,33,0.202,0.344,0.212,0.556,54,21,6,5,0,1,0,5/HD
331,Kevin Kiermaier,30,TBR,AL,49,159,138,16,30,5,3,3,22,8,1,20,42,0.217,0.321,0.362,0.683,91,50,2,1,0,0,1,*8/H
332,Craig Kimbrel,32,CHC,NL,3,0,0,0,0,0,0,0,0,0,0,0,0,,,,,,0,0,0,0,0,0,1
333,Isiah Kiner-Falefa,25,TEX,AL,58,228,211,28,59,4,3,3,10,8,5,14,32,0.28,0.329,0.37,0.699,91,78,6,2,0,1,0,*56/H
334,Scott Kingery,26,PHI,NL,36,124,113,12,18,5,0,3,6,0,0,9,35,0.159,0.228,0.283,0.511,37,32,1,1,1,0,0,4/8H6
335,Jason Kipnis,33,CHC,NL,44,135,114,13,27,8,1,3,16,1,0,18,41,0.237,0.341,0.404,0.744,101,46,1,1,0,2,0,4/DH3
336,Alejandro Kirk,21,TOR,AL,9,25,24,4,9,2,0,1,3,0,0,1,4,0.375,0.4,0.583,0.983,166,14,0,0,0,0,0,/2DH
337,Andrew Knapp#,28,PHI,NL,33,89,72,9,20,4,1,2,15,0,0,15,19,0.278,0.404,0.444,0.849,129,32,1,1,0,1,0,2/HD3
338,Andrew Knizner,25,STL,NL,8,17,16,1,4,1,0,0,4,0,0,0,5,0.25,0.235,0.313,0.548,48,5,2,0,0,1,0,/2HD
339,Adam Kolarek,31,LAD,NL,1,0,0,0,0,0,0,0,0,0,0,0,0,,,,,,0,0,0,0,0,0,9-Jan
340,Erik Kratz,40,NYY,AL,16,30,28,2,9,2,0,0,4,0,0,2,6,0.321,0.367,0.393,0.76,112,11,0,0,0,0,0,Feb-31
341,Tommy La Stella,31,TOT,AL,55,228,196,31,55,14,2,5,25,1,0,27,12,0.281,0.37,0.449,0.819,127,88,6,2,1,2,0,43/D5H
342,Tommy La Stella,31,LAA,AL,28,117,99,15,27,8,0,4,14,1,0,15,7,0.273,0.371,0.475,0.845,131,47,3,1,1,1,0,43/DH
343,Tommy La Stella,31,OAK,AL,27,111,97,16,28,6,2,1,11,0,0,12,5,0.289,0.369,0.423,0.792,124,41,3,1,0,1,0,4/5D
344,Juan Lagares,31,NYM,NL,2,0,0,0,0,0,0,0,0,0,0,0,0,,,,,,0,0,0,0,0,0,/8H
345,Travis Lakins,26,BAL,AL,1,0,0,1,0,0,0,0,0,0,0,0,0,,,,,,0,0,0,0,0,0,1
346,Jake Lamb,29,TOT,MLB,31,99,88,7,17,5,0,3,10,0,1,8,25,0.193,0.283,0.352,0.635,74,31,1,3,0,0,0,53/D
347,Jake Lamb,29,ARI,NL,18,50,43,2,5,1,0,0,1,0,1,6,17,0.116,0.24,0.14,0.38,6,6,0,1,0,0,0,3/5D
348,Jake Lamb,29,OAK,AL,13,49,45,5,12,4,0,3,9,0,0,2,8,0.267,0.327,0.556,0.882,143,25,1,2,0,0,0,5/D
349,Ramon Laureano,25,OAK,AL,54,222,183,27,39,8,1,6,25,2,1,24,58,0.213,0.338,0.366,0.704,100,67,7,12,0,3,0,*8/D
350,Ryan Lavarnway,32,MIA,NL,5,11,11,0,4,0,0,0,0,0,0,0,2,0.364,0.364,0.364,0.727,101,4,0,0,0,0,0,/2
351,DJ LeMahieu,31,NYY,AL,50,216,195,41,71,10,2,10,27,3,0,18,21,0.364,0.421,0.59,1.011,177,115,3,2,0,1,0,435/HD
352,Sandy Leon#,31,CLE,AL,25,81,66,4,9,1,0,2,4,0,0,14,21,0.136,0.296,0.242,0.539,49,16,2,1,0,0,0,2/HD
353,Kyle Lewis,24,SEA,AL,58,242,206,37,54,3,0,11,28,5,1,34,71,0.262,0.364,0.437,0.801,126,90,5,0,0,2,0,*8/DH
354,Tzu-Wei Lin,26,BOS,AL,26,57,52,2,8,1,0,0,3,0,0,2,17,0.154,0.182,0.173,0.355,-3,9,1,0,2,1,0,6/4H7982D1
355,Francisco Lindor#,26,CLE,AL,60,266,236,30,61,13,0,8,27,6,2,24,41,0.258,0.335,0.415,0.75,102,98,8,4,0,2,2,*6/D
356,Tim Locastro,27,ARI,NL,33,82,69,15,20,4,1,2,7,4,0,8,14,0.29,0.395,0.464,0.859,130,32,0,4,1,0,0,8H/79D
357,Shed Long,24,SEA,AL,34,128,117,10,20,5,0,3,9,4,0,11,37,0.171,0.242,0.291,0.533,50,34,1,0,0,0,0,4/HD7
358,Evan Longoria,34,SFG,NL,53,209,193,26,49,10,1,7,28,0,1,11,39,0.254,0.297,0.425,0.722,97,82,10,2,0,3,0,*5/H
359,Tim Lopes,26,SEA,AL,46,151,143,16,34,12,0,2,15,5,0,6,34,0.238,0.278,0.364,0.642,80,52,2,2,0,0,0,D79/H51
360,Nicky Lopez,25,KCR,AL,56,192,169,15,34,8,0,1,13,0,5,18,41,0.201,0.286,0.266,0.552,53,45,1,2,3,0,0,*4/65H
361,Michael Lorenzen,28,CIN,NL,6,1,0,2,0,0,0,0,0,0,0,0,0,,1,,,,0,0,1,0,0,0,1/H8D
362,Brandon Lowe,25,TBR,AL,56,224,193,36,52,9,2,14,37,3,0,25,58,0.269,0.362,0.554,0.916,152,107,2,4,0,2,0,*4/H97D3
363,Nate Lowe,24,TBR,AL,21,76,67,10,15,2,0,4,11,1,0,9,28,0.224,0.316,0.433,0.749,107,29,2,0,0,0,2,3/D5H
364,Jonathan Lucroy,34,BOS,AL,1,0,0,0,0,0,0,0,0,0,0,0,0,,,,,,0,0,0,0,0,0,/2
365,Dawel Lugo,25,DET,AL,9,11,10,3,2,0,0,0,1,0,0,1,1,0.2,0.273,0.2,0.473,33,2,1,0,0,0,0,/5HD4
366,Jordan Luplow,26,CLE,AL,29,92,78,8,15,5,1,2,8,0,1,12,19,0.192,0.304,0.359,0.663,79,28,3,1,0,1,0,7/9H
367,Gavin Lux,22,LAD,NL,19,69,63,8,11,2,0,3,8,1,0,6,19,0.175,0.246,0.349,0.596,61,22,0,0,0,0,0,4/D
368,Manny Machado,27,SDP,NL,60,254,224,44,68,12,1,16,47,6,3,26,37,0.304,0.37,0.58,0.95,158,130,9,0,0,4,4,*5/D
369,Vimael Machin,26,OAK,AL,24,71,63,11,13,2,0,0,0,0,0,8,10,0.206,0.296,0.238,0.534,54,15,4,0,0,0,0,5/6D43H
370,Nick Madrigal,23,CHW,AL,29,109,103,8,35,3,0,0,11,2,1,4,7,0.34,0.376,0.369,0.745,108,38,5,2,0,0,0,4
371,Martin Maldonado,33,HOU,AL,47,165,135,19,29,4,0,6,24,1,0,27,51,0.215,0.35,0.378,0.727,98,51,2,1,2,0,0,*2
372,Rafael Marchan#,21,PHI,NL,3,9,8,3,4,0,0,1,3,0,0,1,2,0.5,0.556,0.875,1.431,277,7,0,0,0,0,0,/2
373,Manuel Margot,25,TBR,AL,47,159,145,19,39,9,0,1,11,12,4,13,25,0.269,0.327,0.352,0.679,91,51,0,0,0,1,0,*879/HD
374,Jake Marisnick,29,NYM,NL,16,34,33,4,11,3,0,2,5,0,0,1,10,0.333,0.353,0.606,0.959,159,20,0,0,0,0,0,8/H
375,Nick Markakis,36,ATL,NL,37,141,130,15,33,15,0,1,15,0,1,10,23,0.254,0.312,0.392,0.704,84,51,5,1,0,0,0,9/7HD
376,Jose Marmolejos,27,SEA,AL,35,115,107,12,22,4,0,6,18,0,1,7,32,0.206,0.261,0.411,0.672,86,44,2,1,0,0,0,7D/3H9
377,Ketel Marte#,26,ARI,NL,45,195,181,19,52,14,1,2,17,1,0,7,21,0.287,0.323,0.409,0.732,95,74,2,4,0,3,0,*4/86D
378,Starling Marte,31,TOT,NL,61,250,228,36,64,14,1,6,27,10,2,12,41,0.281,0.34,0.43,0.77,107,98,5,9,0,1,1,*8/7H
379,Starling Marte,31,ARI,NL,33,138,122,23,38,8,1,2,14,5,2,10,19,0.311,0.384,0.443,0.827,121,54,3,5,0,1,1,7-Aug
380,Starling Marte,31,MIA,NL,28,112,106,13,26,6,0,4,13,5,0,2,22,0.245,0.286,0.415,0.701,89,44,2,4,0,0,0,8/H
381,Jason Martin,24,PIT,NL,7,11,9,2,0,0,0,0,0,0,0,2,4,0,0.182,0,0.182,-43,0,0,0,0,0,0,/8H7
382,J.D. Martinez,32,BOS,AL,54,237,211,22,45,16,0,7,27,1,0,22,59,0.213,0.291,0.389,0.68,81,82,6,2,0,2,3,*D/97
383,Jose Martinez,31,TOT,MLB,34,98,88,10,16,4,0,2,10,0,0,10,27,0.182,0.265,0.295,0.561,56,26,6,0,0,0,1,DH/3
384,Jose Martinez,31,TBR,AL,24,76,67,10,16,4,0,2,10,0,0,9,20,0.239,0.329,0.388,0.717,100,26,5,0,0,0,1,D/H3
385,Jose Martinez,31,CHC,NL,10,22,21,0,0,0,0,0,0,0,0,1,7,0,0.045,0,0.045,-86,0,1,0,0,0,0,/DH
386,Jorge Mateo,25,SDP,NL,22,28,26,4,4,3,0,0,2,1,0,1,11,0.154,0.185,0.269,0.454,24,7,1,0,1,0,0,H/4D798
387,Mark Mathias,25,MIL,NL,16,36,36,2,10,3,0,0,4,1,0,0,7,0.278,0.278,0.361,0.639,70,13,0,0,0,0,0,/9H7D348
388,Jeff Mathis,37,TEX,AL,24,68,62,6,10,1,1,3,9,1,0,5,24,0.161,0.221,0.355,0.575,54,22,0,0,0,1,0,2/H
389,Wyatt Mathisen,26,ARI,NL,9,33,27,5,6,0,0,2,5,0,0,5,12,0.222,0.364,0.444,0.808,116,12,0,1,0,0,0,/5DH
390,Cameron Maybin,33,TOT,MLB,32,101,93,8,23,8,1,1,7,3,0,7,25,0.247,0.307,0.387,0.694,87,36,4,1,0,0,0,9/H78D
391,Cameron Maybin,33,DET,AL,14,45,41,5,10,4,0,1,2,0,0,4,13,0.244,0.311,0.415,0.726,96,17,3,0,0,0,0,9/HD
392,Cameron Maybin,33,CHC,NL,18,56,52,3,13,4,1,0,5,3,0,3,12,0.25,0.304,0.365,0.669,80,19,1,1,0,0,0,/97H8D
393,Jack Mayfield,29,HOU,AL,21,47,42,5,8,1,0,0,3,0,0,2,14,0.19,0.239,0.214,0.453,25,9,1,1,1,1,0,/564HD
394,Nomar Mazara,25,CHW,AL,42,149,136,13,31,6,0,1,15,0,1,10,44,0.228,0.295,0.294,0.589,64,40,0,3,0,0,0,*9/H
395,Ryan McBroom,28,KCR,AL,36,85,81,8,20,3,0,6,10,0,0,4,30,0.247,0.282,0.506,0.789,109,41,2,0,0,0,0,H3/D79
396,James McCann,30,CHW,AL,31,111,97,20,28,3,0,7,15,1,1,8,30,0.289,0.36,0.536,0.896,144,52,2,4,0,2,0,2/H
397,Joe McCarthy,26,SFG,NL,4,10,10,0,0,0,0,0,0,0,0,0,5,0,0,0,0,-100,0,0,0,0,0,0,/79
398,Andrew McCutchen,33,PHI,NL,57,241,217,32,55,9,0,10,34,4,0,22,48,0.253,0.324,0.433,0.757,102,94,4,1,0,1,0,7D/H
399,Reese McGuire,25,TOR,AL,19,45,41,2,3,0,0,1,1,0,0,0,11,0.073,0.073,0.146,0.22,-42,6,1,0,4,0,0,2/H
400,Billy McKinney,25,TOR,AL,2,3,3,1,2,0,0,0,0,0,0,0,0,0.667,0.667,0.667,1.333,270,2,0,0,0,0,0,/7H9
401,Zach McKinstry,25,LAD,NL,4,7,7,1,2,1,0,0,0,0,0,0,3,0.286,0.286,0.429,0.714,92,3,1,0,0,0,0,/HD49
402,Ryan McMahon,25,COL,NL,52,193,172,23,37,6,1,9,26,0,1,18,66,0.215,0.295,0.419,0.714,79,72,4,2,0,1,0,453/H6
403,Jeff McNeil,28,NYM,NL,52,209,183,19,57,14,0,4,23,0,2,20,24,0.311,0.383,0.454,0.836,131,83,3,3,0,3,2,74/59DH
404,Austin Meadows,25,TBR,AL,36,152,132,19,27,8,1,4,13,2,1,17,50,0.205,0.296,0.371,0.667,86,49,0,1,0,2,0,7/D9H
405,Erick Mejia#,25,KCR,AL,8,16,14,1,1,1,0,0,0,1,0,0,7,0.071,0.071,0.143,0.214,-44,2,0,0,1,0,0,/5H74
406,Francisco Mejia#,24,SDP,NL,17,42,39,5,3,1,0,1,2,0,0,1,9,0.077,0.143,0.179,0.322,-11,7,1,2,0,0,0,2/H
407,Mark Melancon,35,ATL,NL,1,0,0,0,0,0,0,0,0,0,0,0,0,,,,,,0,0,0,0,0,0,1
408,Danny Mendick,26,CHW,AL,33,114,107,11,26,4,1,3,6,0,1,6,25,0.243,0.281,0.383,0.664,81,41,3,0,0,1,0,Apr-65
409,Oscar Mercado,25,CLE,AL,36,93,86,6,11,1,0,1,6,3,0,5,27,0.128,0.174,0.174,0.348,-5,15,0,0,1,1,0,87/HD
410,Yermin Mercedes,27,CHW,AL,1,1,1,0,0,0,0,0,0,0,0,0,0,0,0,0,0,-100,0,0,0,0,0,0,/DH
411,Jordy Mercer,33,TOT,AL,9,22,20,2,4,0,0,0,0,0,0,2,2,0.2,0.273,0.2,0.473,34,4,1,0,0,0,0,/635H
412,Jordy Mercer,33,DET,AL,3,9,9,1,2,0,0,0,0,0,0,0,1,0.222,0.222,0.222,0.444,22,2,1,0,0,0,0,/35H
413,Jordy Mercer,33,NYY,AL,6,13,11,1,2,0,0,0,0,0,0,2,1,0.182,0.308,0.182,0.49,42,2,0,0,0,0,0,/6
414,Whit Merrifield,31,KCR,AL,60,265,248,38,70,12,0,9,30,12,3,12,33,0.282,0.325,0.44,0.764,106,109,3,4,0,1,0,*984/73
415,Brad Miller,30,STL,NL,48,171,142,21,33,8,1,7,25,1,0,25,46,0.232,0.357,0.451,0.807,120,64,2,3,0,1,1,D5/H64
416,Ian Miller,28,CHC,NL,1,0,0,0,0,0,0,0,0,0,0,0,0,,,,,,0,0,0,0,0,0,/H
417,Alec Mills,28,CHC,NL,1,1,1,0,0,0,0,0,0,0,0,0,1,0,0,0,0,-100,0,0,0,0,0,0,1/H
418,Yadier Molina,37,STL,NL,42,156,145,12,38,2,0,4,16,0,0,6,21,0.262,0.303,0.359,0.662,81,52,7,3,1,1,0,*2/3
419,Yoan Moncada#,25,CHW,AL,52,231,200,28,45,8,3,6,24,0,0,28,72,0.225,0.32,0.385,0.705,94,77,1,1,0,2,0,*5/H
420,Adalberto Mondesi#,24,KCR,AL,59,233,219,33,56,11,3,6,22,24,8,11,70,0.256,0.294,0.416,0.71,91,91,4,1,2,0,0,*6
421,Mickey Moniak,22,PHI,NL,8,18,14,3,3,0,0,0,0,0,0,4,6,0.214,0.389,0.214,0.603,70,3,0,0,0,0,0,/7HD9
422,Dylan Moore,27,SEA,AL,38,159,137,26,35,9,0,8,17,12,5,14,43,0.255,0.358,0.496,0.855,139,68,4,8,0,0,0,794/3658H
423,Colin Moran,27,PIT,NL,52,200,178,28,44,10,0,10,23,0,0,19,52,0.247,0.325,0.472,0.797,115,84,9,2,0,1,0,D3/5H
424,Mitch Moreland,34,TOT,MLB,42,152,136,22,36,9,0,10,29,0,0,15,32,0.265,0.342,0.551,0.894,139,75,0,1,0,0,2,3/HD
425,Mitch Moreland,34,BOS,AL,22,79,67,14,22,4,0,8,21,0,0,11,18,0.328,0.43,0.746,1.177,209,50,0,1,0,0,1,3/H
426,Mitch Moreland,34,SDP,NL,20,73,69,8,14,5,0,2,8,0,0,4,14,0.203,0.247,0.362,0.609,66,25,0,0,0,0,1,3/DH
427,Logan Morrison,32,MIL,NL,9,28,25,3,3,1,0,1,2,0,0,3,8,0.12,0.214,0.28,0.494,32,7,0,0,0,0,0,/DH3
428,Ryan Mountcastle,23,BAL,AL,35,140,126,12,42,5,0,5,23,0,1,11,30,0.333,0.386,0.492,0.878,140,62,2,1,0,2,0,73/DH
429,Mike Moustakas,31,CIN,NL,44,163,139,13,32,9,0,8,27,1,0,18,36,0.23,0.331,0.468,0.799,108,65,5,4,0,2,1,43/D5H
430,Cedric Mullins#,25,BAL,AL,48,153,140,16,38,4,3,3,12,7,2,8,37,0.271,0.315,0.407,0.723,97,57,0,1,4,0,0,*8/79HD
431,Max Muncy,29,LAD,NL,58,248,203,36,39,4,0,12,27,1,0,39,60,0.192,0.331,0.389,0.72,97,79,3,4,0,2,2,354/D
432,Yairo Munoz,25,BOS,AL,12,45,45,6,15,5,0,1,4,2,0,0,11,0.333,0.333,0.511,0.844,123,23,1,0,0,0,0,/79D
433,Daniel Murphy,35,COL,NL,40,132,123,10,29,3,0,3,16,0,0,7,21,0.236,0.275,0.333,0.608,54,41,3,0,0,1,2,3/HD
434,John Ryan Murphy,29,PIT,NL,25,63,58,6,10,2,0,0,2,0,0,4,28,0.172,0.226,0.207,0.433,20,12,1,0,1,0,0,2/1H
435,Sean Murphy,25,OAK,AL,43,140,116,21,27,5,0,7,14,0,0,24,37,0.233,0.364,0.457,0.821,131,53,6,0,0,0,0,*2/H
436,Wil Myers,29,SDP,NL,55,218,198,34,57,14,2,15,40,2,1,18,56,0.288,0.353,0.606,0.959,159,120,0,2,0,0,0,*9/3D
437,Tyler Naquin,29,CLE,AL,40,141,133,15,29,8,1,4,20,0,1,5,40,0.218,0.248,0.383,0.632,68,51,3,1,0,2,0,9/H
438,Omar Narvaez,28,MIL,NL,40,126,108,8,19,4,0,2,10,0,0,16,39,0.176,0.294,0.269,0.562,53,29,1,2,0,0,0,2/H
439,Brian Navarreto,25,MIA,NL,2,5,5,0,2,0,0,0,0,0,0,0,1,0.4,0.4,0.4,0.8,121,2,0,0,0,0,0,/2
440,Josh Naylor,23,TOT,MLB,40,104,97,13,24,3,1,1,6,1,0,5,12,0.247,0.291,0.33,0.621,70,32,2,1,0,0,0,7H/D39
441,Josh Naylor,23,SDP,NL,18,38,36,4,10,0,1,1,4,1,0,1,4,0.278,0.316,0.417,0.732,101,15,2,1,0,0,0,/DH937
442,Josh Naylor,23,CLE,AL,22,66,61,9,14,3,0,0,2,0,0,4,8,0.23,0.277,0.279,0.556,52,17,0,0,0,0,0,7/H3
443,Hector Neris,31,PHI,NL,1,0,0,0,0,0,0,0,0,0,0,0,0,,,,,,0,0,0,0,0,0,1
444,Kevin Newman,26,PIT,NL,44,172,156,12,35,5,0,1,10,0,1,12,21,0.224,0.281,0.276,0.556,54,43,1,1,1,2,0,64/H
445,Tomas Nido,26,NYM,NL,7,26,24,4,7,1,0,2,6,0,0,2,6,0.292,0.346,0.583,0.929,152,14,2,0,0,0,0,/2
446,Brandon Nimmo,27,NYM,NL,55,225,186,33,52,8,3,8,18,1,2,33,43,0.28,0.404,0.484,0.888,146,90,1,6,0,0,0,*879/H
447,John Nogowski,27,STL,NL,1,4,4,0,1,0,0,0,0,0,0,0,1,0.25,0.25,0.25,0.5,38,1,0,0,0,0,0,/3
448,Aaron Nola,27,PHI,NL,1,0,0,0,0,0,0,0,0,0,0,0,0,,,,,,0,0,0,0,0,0,1
449,Austin Nola,30,TOT,MLB,48,184,161,24,44,9,1,7,28,0,0,18,34,0.273,0.353,0.472,0.825,129,76,3,3,0,2,1,*2/DH35
450,Austin Nola,30,SEA,AL,29,110,98,15,30,5,1,5,19,0,0,9,17,0.306,0.373,0.531,0.903,152,52,1,2,0,1,1,2/H35D
451,Austin Nola,30,SDP,NL,19,74,63,9,14,4,0,2,9,0,0,9,17,0.222,0.324,0.381,0.705,95,24,2,1,0,1,0,2/D
452,Jake Noll,26,WSN,NL,7,17,17,2,6,1,0,0,0,0,0,0,4,0.353,0.353,0.412,0.765,104,7,1,0,0,0,0,/3HD5
453,Jacob Nottingham,25,MIL,NL,20,54,48,8,9,1,0,4,13,0,0,5,20,0.188,0.278,0.458,0.736,93,22,1,1,0,0,0,2/H
454,Eduardo Nunez,33,NYM,NL,2,2,2,0,1,0,0,0,0,1,0,0,0,0.5,0.5,0.5,1,180,1,0,0,0,0,0,/DH9
455,Renato Nunez,26,BAL,AL,52,216,195,29,50,10,0,12,31,0,0,17,64,0.256,0.324,0.492,0.816,121,96,4,3,0,1,0,3D/5H
456,Brian O'Grady,28,TBR,AL,2,5,5,2,2,1,0,0,0,1,0,0,1,0.4,0.4,0.6,1,175,3,0,0,0,0,0,/387
457,Ryan O'Hearn,26,KCR,AL,42,132,113,7,22,6,0,2,18,0,0,18,37,0.195,0.303,0.301,0.604,66,34,5,0,0,1,2,3H/D
458,Tyler O'Neill,25,STL,NL,50,157,139,20,24,5,0,7,19,3,1,15,43,0.173,0.261,0.36,0.621,68,50,3,2,0,1,0,*7/HD
459,Joseph Odom,28,SEA,AL,18,44,39,2,5,0,0,0,2,0,0,4,20,0.128,0.209,0.128,0.338,-1,5,1,0,1,0,0,2/H
460,Rougned Odor,26,TEX,AL,38,148,138,15,23,4,0,10,30,0,1,7,47,0.167,0.209,0.413,0.623,64,57,2,1,0,2,0,4/D
461,Shohei Ohtani,25,LAA,AL,44,175,153,23,29,6,0,7,24,7,1,22,50,0.19,0.291,0.366,0.657,80,56,3,0,0,0,0,*D/H1
462,Jared Oliva,24,PIT,NL,6,16,16,0,3,0,0,0,0,1,0,0,6,0.188,0.188,0.188,0.375,4,3,0,0,0,0,0,/78H
463,Edward Olivares,24,TOT,MLB,31,101,96,9,23,2,1,3,10,0,2,4,25,0.24,0.267,0.375,0.642,74,36,1,0,0,1,0,789/HD
464,Edward Olivares,24,SDP,NL,13,36,34,4,6,1,0,1,3,0,1,2,14,0.176,0.222,0.294,0.516,42,10,0,0,0,0,0,/79H8D
465,Edward Olivares,24,KCR,AL,18,65,62,5,17,1,1,2,7,0,1,2,11,0.274,0.292,0.419,0.712,91,26,1,0,0,1,0,Aug-79
466,Matt Olson,26,OAK,AL,60,245,210,28,41,4,1,14,42,1,0,34,77,0.195,0.31,0.424,0.734,105,89,2,1,0,0,2,*3
467,Jorge Oña,23,SDP,NL,5,15,12,3,3,1,0,1,2,0,0,2,7,0.25,0.4,0.583,0.983,168,7,0,1,0,0,0,/D9
468,Nate Orf,30,OAK,AL,6,7,7,1,0,0,0,0,0,0,0,0,1,0,0,0,0,-100,0,0,0,0,0,0,/H64
469,Jose Osuna,27,PIT,NL,26,82,78,6,16,3,0,4,11,0,1,4,16,0.205,0.244,0.397,0.641,72,31,1,0,0,0,0,/395D7H
470,Chris Owings,28,COL,NL,17,44,41,9,11,1,0,2,5,1,0,3,11,0.268,0.318,0.439,0.757,90,18,0,0,0,0,0,/4H58796
471,Marcell Ozuna,29,ATL,NL,60,267,228,38,77,14,0,18,56,0,0,38,60,0.338,0.431,0.636,1.067,175,145,3,0,0,1,3,D7/9
472,Cristian Pache,21,ATL,NL,2,4,4,0,1,0,0,0,0,0,0,0,2,0.25,0.25,0.25,0.5,32,1,0,0,0,0,0,/7
473,Emilio Pagan,29,SDP,NL,1,0,0,0,0,0,0,0,0,0,0,0,0,,,,,,0,0,0,0,0,0,1
474,Joe Panik,29,TOR,AL,41,141,120,18,27,6,0,1,7,0,0,20,27,0.225,0.34,0.3,0.64,79,36,4,1,0,0,0,465/HD
475,Isaac Paredes,21,DET,AL,34,108,100,7,22,4,0,1,6,0,0,8,24,0.22,0.278,0.29,0.568,56,29,1,0,0,0,0,5/HD
476,Blake Parker,35,PHI,NL,1,0,0,0,0,0,0,0,0,0,0,0,0,,,,,,0,0,0,0,0,0,1
477,Mark Payton,28,CIN,NL,8,20,18,0,3,1,0,0,0,1,0,2,5,0.167,0.25,0.222,0.472,27,4,1,0,0,0,0,/7HD
478,Joc Pederson,28,LAD,NL,43,138,121,21,23,4,0,7,16,1,0,11,34,0.19,0.285,0.397,0.681,84,48,5,5,0,0,0,7D/9H
479,Hunter Pence,37,SFG,NL,17,56,52,4,5,0,1,2,6,0,0,3,15,0.096,0.161,0.25,0.411,12,13,3,1,0,0,0,/D79H
480,David Peralta,32,ARI,NL,54,218,203,19,61,10,1,5,34,1,0,13,45,0.3,0.339,0.433,0.773,106,88,4,0,0,2,0,*7/DH
481,Jose Peraza,26,BOS,AL,34,120,111,13,25,8,1,1,8,1,1,5,18,0.225,0.275,0.342,0.617,65,38,3,3,0,1,0,4/7H65D1
482,Hernan Perez,29,CHC,NL,3,6,6,0,1,0,0,0,0,0,0,0,2,0.167,0.167,0.167,0.333,-9,1,0,0,0,0,0,/34D7H
483,Michael Perez,27,TBR,AL,38,93,84,7,14,3,0,1,13,0,0,7,27,0.167,0.237,0.238,0.475,34,20,3,1,0,1,0,2/3H
484,Roberto Perez,31,CLE,AL,32,110,97,6,16,2,0,1,5,0,0,11,38,0.165,0.264,0.216,0.48,33,21,2,2,0,0,0,2
485,Salvador Perez,30,KCR,AL,37,156,150,22,50,12,0,11,32,1,0,3,36,0.333,0.353,0.633,0.986,161,95,0,2,0,1,0,2/3D
486,Jace Peterson,30,MIL,NL,26,61,45,6,9,1,0,2,5,1,0,15,20,0.2,0.393,0.356,0.749,105,16,0,0,0,1,0,9/H3574
487,Tommy Pham,32,SDP,NL,31,125,109,13,23,2,0,3,12,6,0,15,27,0.211,0.312,0.312,0.624,74,34,2,1,0,0,0,7D
488,Josh Phegley,32,CHC,NL,11,18,16,4,1,0,0,1,2,0,0,1,3,0.063,0.167,0.25,0.417,11,4,0,1,0,0,0,/DH2
489,David Phelps,33,TOT,NL,1,0,0,0,0,0,0,0,0,0,0,0,0,,,,,,0,0,0,0,0,0,1
490,David Phelps,33,MIL,NL,1,0,0,0,0,0,0,0,0,0,0,0,0,,,,,,0,0,0,0,0,0,1
491,Brett Phillips,26,TOT,AL,35,59,51,10,10,0,2,2,5,6,1,8,15,0.196,0.305,0.392,0.697,91,20,0,0,0,0,0,89/7HD
492,Brett Phillips,26,KCR,AL,18,34,31,8,7,0,1,1,2,3,1,3,8,0.226,0.294,0.387,0.681,84,12,0,0,0,0,0,8/H79D
493,Brett Phillips,26,TBR,AL,17,25,20,2,3,0,1,1,3,3,0,5,7,0.15,0.32,0.4,0.72,100,8,0,0,0,0,0,/987HD
494,Kevin Pillar,31,TOT,MLB,54,223,208,34,60,12,3,6,26,5,2,13,41,0.288,0.336,0.462,0.798,107,96,4,2,0,0,1,*89/HD7
495,Kevin Pillar,31,BOS,AL,30,126,117,20,32,7,2,4,13,1,1,8,23,0.274,0.325,0.47,0.795,111,55,4,1,0,0,0,9/8H7D
496,Kevin Pillar,31,COL,NL,24,97,91,14,28,5,1,2,13,4,1,5,18,0.308,0.351,0.451,0.801,102,41,0,1,0,0,1,8/DH9
497,Manny Pina,33,MIL,NL,15,45,39,4,9,1,0,2,5,0,0,3,11,0.231,0.333,0.41,0.744,99,16,0,3,0,0,0,2/H
498,Chad Pinder,28,OAK,AL,24,61,56,8,13,3,0,2,8,0,0,5,13,0.232,0.295,0.393,0.688,93,22,3,0,0,0,0,4/H57D9
499,Stephen Piscotty,29,OAK,AL,45,171,159,17,36,6,0,5,29,4,0,9,53,0.226,0.271,0.358,0.629,76,57,4,1,1,1,0,*9/H
500,Kevin Plawecki,29,BOS,AL,24,89,82,8,28,5,1,1,17,1,0,5,14,0.341,0.393,0.463,0.857,130,38,4,2,0,0,0,2/3D1
501,Adam Plutko,28,CLE,AL,1,0,0,0,0,0,0,0,0,0,0,0,0,,,,,,0,0,0,0,0,0,1
502,Gregory Polanco,28,PIT,NL,50,174,157,12,24,6,0,7,22,3,1,13,65,0.153,0.214,0.325,0.539,45,51,1,0,0,3,0,9/DH
503,Jorge Polanco#,26,MIN,AL,55,226,209,22,54,8,0,4,19,4,2,13,35,0.258,0.304,0.354,0.658,82,74,7,1,2,1,0,*6/H
504,AJ Pollock,32,LAD,NL,55,210,196,30,54,9,0,16,34,2,2,12,45,0.276,0.314,0.566,0.881,134,111,6,0,0,2,1,*78D/H
505,Jurickson Profar#,27,SDP,NL,56,202,180,28,50,6,0,7,25,7,1,15,28,0.278,0.343,0.428,0.771,113,77,1,4,1,2,0,74/H938D
506,Cesar Puello,29,BOS,AL,5,11,8,1,3,0,0,0,0,0,0,2,2,0.375,0.5,0.375,0.875,142,3,0,0,1,0,0,/97
507,Albert Pujols,40,LAA,AL,39,163,152,15,34,8,0,6,25,0,0,9,25,0.224,0.27,0.395,0.665,80,60,4,1,0,1,1,3D/H
508,Roman Quinn#,27,PHI,NL,41,116,108,14,23,3,1,2,7,12,0,5,39,0.213,0.261,0.315,0.576,54,34,0,2,1,0,0,8/H9
509,Harold Ramirez,25,MIA,NL,3,11,10,2,2,0,0,0,1,0,1,1,2,0.2,0.273,0.2,0.473,33,2,0,0,0,0,0,/97
510,Jose Ramirez#,27,CLE,AL,58,254,219,45,64,16,1,17,46,10,3,31,43,0.292,0.386,0.607,0.993,163,133,2,3,0,1,0,*5/D
511,Wilson Ramos,32,NYM,NL,45,155,142,13,34,6,0,5,15,0,0,10,31,0.239,0.297,0.387,0.684,88,55,5,2,0,1,0,*2/HD
512,Rangel Ravelo,28,STL,NL,13,41,35,5,6,1,0,1,6,0,0,4,6,0.171,0.244,0.286,0.53,45,10,0,0,0,2,0,/D93H7
513,J.T. Realmuto,29,PHI,NL,47,195,173,33,46,6,0,11,32,4,1,16,48,0.266,0.349,0.491,0.84,123,85,3,6,0,0,0,2/D3H
514,Josh Reddick,33,HOU,AL,56,210,188,22,46,11,1,4,23,1,0,20,42,0.245,0.316,0.378,0.693,88,71,5,0,0,1,0,*9/DH
515,Rob Refsnyder,29,TEX,AL,15,34,30,4,6,1,0,0,1,0,0,2,11,0.2,0.265,0.233,0.498,38,7,0,1,0,1,0,/D3H97
516,Anthony Rendon,30,LAA,AL,52,232,189,29,54,11,1,9,31,0,0,38,31,0.286,0.418,0.497,0.915,151,94,10,5,0,0,2,*5
517,Hunter Renfroe,28,TBR,AL,42,139,122,18,19,5,0,8,22,2,0,14,37,0.156,0.252,0.393,0.645,77,48,3,2,0,1,0,9/H3D
518,Luis Rengifo#,23,LAA,AL,33,106,90,12,14,1,0,1,3,3,1,14,26,0.156,0.269,0.2,0.469,33,18,2,0,2,0,0,4/5H6
519,Franmil Reyes,24,CLE,AL,59,241,211,27,58,10,0,9,34,0,0,24,69,0.275,0.344,0.45,0.795,113,95,6,1,0,5,0,*D/7H
520,Victor Reyes#,25,DET,AL,57,213,202,30,56,7,2,4,14,8,2,9,45,0.277,0.315,0.391,0.706,92,79,4,2,0,0,0,*879/H
521,Bryan Reynolds#,25,PIT,NL,55,208,185,24,35,6,2,7,19,1,1,21,57,0.189,0.275,0.357,0.632,72,66,2,1,0,0,0,*78/HD
522,Matt Reynolds,29,KCR,AL,3,11,11,1,0,0,0,0,0,0,0,0,7,0,0,0,0,-100,0,0,0,0,0,0,/5
523,Joey Rickard,29,SFG,NL,4,6,5,1,0,0,0,0,0,0,0,1,1,0,0.167,0,0.167,-47,0,0,0,0,0,0,/9H
524,JT Riddle,28,PIT,NL,23,69,67,8,10,2,0,1,1,1,0,2,13,0.149,0.174,0.224,0.398,8,15,0,0,0,0,0,5/687H934
525,Austin Riley,23,ATL,NL,51,206,188,24,45,7,1,8,27,0,0,16,49,0.239,0.301,0.415,0.716,86,78,5,1,0,1,1,*5/37
526,Edwin Rios,26,LAD,NL,32,83,76,13,19,6,0,8,17,0,0,4,18,0.25,0.301,0.645,0.946,149,49,2,2,0,1,0,5/H3D
527,Rene Rivera,36,NYM,NL,2,4,4,0,1,0,0,0,0,0,0,0,3,0.25,0.25,0.25,0.5,40,1,0,0,0,0,0,/2H
528,Yadiel Rivera,28,TEX,AL,4,5,5,0,0,0,0,0,0,1,0,0,1,0,0,0,0,-100,0,0,0,0,0,0,/H634
529,Anthony Rizzo,30,CHC,NL,58,243,203,26,45,6,0,11,24,3,1,28,38,0.222,0.342,0.414,0.755,103,84,6,10,0,2,4,*3/DH
530,Luis Robert,22,CHW,AL,56,227,202,33,47,8,0,11,31,9,2,20,73,0.233,0.302,0.436,0.738,101,88,4,1,0,2,0,*8/H
531,Daniel Robertson,26,SFG,NL,13,24,21,4,7,0,0,0,2,0,0,3,6,0.333,0.417,0.333,0.75,113,7,0,0,0,0,0,/6457HD9
532,Victor Robles,23,WSN,NL,52,189,168,20,37,5,1,3,15,4,1,9,53,0.22,0.293,0.315,0.608,63,53,0,9,1,2,0,*8
533,Brendan Rodgers,23,COL,NL,7,21,21,1,2,1,0,0,2,0,0,0,6,0.095,0.095,0.143,0.238,-41,3,0,0,0,0,0,/4HD6
534,Sean Rodriguez,35,MIA,NL,4,13,13,0,2,0,0,0,0,0,0,0,6,0.154,0.154,0.154,0.308,-15,2,0,0,0,0,0,/47
535,Josh Rojas,26,ARI,NL,17,70,61,9,11,0,0,0,2,1,1,7,16,0.18,0.257,0.18,0.437,21,11,1,0,0,2,0,/4D67H
536,Miguel Rojas,31,MIA,NL,40,143,125,20,38,10,1,4,20,5,1,16,18,0.304,0.392,0.496,0.888,141,62,1,2,0,0,2,6/35H
537,Andrew Romine#,34,TEX,AL,2,4,4,1,1,1,0,0,0,0,0,0,1,0.25,0.25,0.5,0.75,97,2,0,0,0,0,0,/DH6
538,Austin Romine,31,DET,AL,37,135,130,12,31,5,0,2,17,0,0,4,47,0.238,0.259,0.323,0.582,58,42,3,0,0,1,0,3-Feb
539,Brent Rooker,25,MIN,AL,7,21,19,4,6,2,0,1,5,0,0,0,5,0.316,0.381,0.579,0.96,160,11,0,2,0,0,0,/9D7
540,Amed Rosario,24,NYM,NL,46,147,143,20,36,3,1,4,15,0,1,4,34,0.252,0.272,0.371,0.643,76,53,5,0,0,0,0,*6/H
541,Eddie Rosario,28,MIN,AL,57,231,210,31,54,7,0,13,42,3,1,19,34,0.257,0.316,0.476,0.792,115,100,3,0,0,2,2,*7/DH
542,Trevor Rosenthal,30,TOT,MLB,2,0,0,0,0,0,0,0,0,0,0,0,0,,,,,,0,0,0,0,0,0,1
543,Trevor Rosenthal,30,KCR,AL,1,0,0,0,0,0,0,0,0,0,0,0,0,,,,,,0,0,0,0,0,0,1
544,Trevor Rosenthal,30,SDP,NL,1,0,0,0,0,0,0,0,0,0,0,0,0,,,,,,0,0,0,0,0,0,/1
545,Darin Ruf,33,SFG,NL,40,100,87,11,24,6,0,5,18,1,0,13,23,0.276,0.37,0.517,0.887,143,45,1,0,0,0,0,7H/D39
546,Jose Ruiz,25,CHW,AL,1,0,0,0,0,0,0,0,0,0,0,0,0,,,,,,0,0,0,0,0,0,/1
547,Keibert Ruiz#,21,LAD,NL,2,8,8,1,2,0,0,1,1,0,0,0,3,0.25,0.25,0.625,0.875,128,5,0,0,0,0,0,/2
548,Rio Ruiz,26,BAL,AL,54,204,185,25,41,11,0,9,32,1,2,17,46,0.222,0.286,0.427,0.713,93,79,4,0,1,1,1,*5/H47
549,Ali Sanchez,23,NYM,NL,5,10,9,0,1,0,0,0,0,0,0,1,3,0.111,0.2,0.111,0.311,-10,1,2,0,0,0,0,/2
550,Gary Sanchez,27,NYY,AL,49,178,156,19,23,4,0,10,24,0,0,18,64,0.147,0.253,0.365,0.618,69,57,6,4,0,0,0,*2/DH
551,Jesus Sanchez,22,MIA,NL,10,29,25,1,1,1,0,0,2,0,0,4,11,0.04,0.172,0.08,0.252,-27,2,1,0,0,0,0,9/H
552,Yolmer Sanchez#,28,CHW,AL,11,21,16,7,5,3,0,1,1,0,0,5,5,0.313,0.476,0.688,1.164,217,11,1,0,0,0,0,/5HD641
553,Pablo Sandoval#,33,TOT,NL,34,94,84,5,18,1,0,1,6,0,0,8,19,0.214,0.287,0.262,0.549,54,22,3,1,0,1,0,DH/35
554,Pablo Sandoval#,33,SFG,NL,33,90,82,5,18,1,0,1,6,0,0,6,18,0.22,0.278,0.268,0.546,53,22,3,1,0,1,0,DH/35
555,Pablo Sandoval#,33,ATL,NL,1,4,2,0,0,0,0,0,0,0,0,2,1,0,0.5,0,0.5,50,0,0,0,0,0,0,/5
556,Miguel Sano,27,MIN,AL,53,205,186,31,38,12,0,13,25,0,0,18,90,0.204,0.278,0.478,0.757,104,89,3,1,0,0,1,*3/D
557,Carlos Santana#,34,CLE,AL,60,255,206,34,41,7,0,8,30,0,0,47,43,0.199,0.349,0.35,0.699,91,72,5,1,0,1,1,*3
558,Danny Santana#,29,TEX,AL,15,63,55,6,8,4,0,1,7,2,0,7,24,0.145,0.238,0.273,0.511,39,15,1,0,0,1,0,/38D7H
559,Domingo Santana,27,CLE,AL,24,84,70,6,11,3,0,2,12,0,0,13,25,0.157,0.298,0.286,0.583,60,20,2,1,0,0,0,9/7H
560,Anthony Santander#,25,BAL,AL,37,165,153,24,40,13,1,11,32,0,1,10,25,0.261,0.315,0.575,0.89,138,88,2,2,0,0,3,9/7D
561,Scott Schebler,29,ATL,NL,1,1,1,0,0,0,0,0,0,0,0,0,0,0,0,0,0,-100,0,0,0,0,0,0,/H9
562,Jonathan Schoop,28,DET,AL,44,177,162,26,45,4,2,8,23,0,0,8,39,0.278,0.324,0.475,0.799,115,77,8,4,0,2,0,*4
563,Max Schrock,25,STL,NL,11,17,17,1,3,0,0,1,1,0,0,0,6,0.176,0.176,0.353,0.529,40,6,0,0,0,0,0,/4H5D1
564,Kyle Schwarber,27,CHC,NL,59,224,191,30,36,6,0,11,24,1,0,30,66,0.188,0.308,0.393,0.701,88,75,3,3,0,0,1,*7/DH
565,Corey Seager,26,LAD,NL,52,232,212,38,65,12,1,15,41,1,0,17,37,0.307,0.358,0.585,0.943,152,124,8,1,0,2,0,*6/D
566,Kyle Seager,32,SEA,AL,60,248,203,35,49,12,0,9,40,5,0,32,33,0.241,0.355,0.433,0.788,122,88,4,7,0,6,3,*5/DH
567,Jean Segura,30,PHI,NL,54,217,192,28,51,5,2,7,25,2,2,23,45,0.266,0.347,0.422,0.769,106,81,6,1,1,0,2,45/6D
568,Marcus Semien,29,OAK,AL,53,236,211,28,47,9,1,7,23,4,0,25,50,0.223,0.305,0.374,0.679,91,79,3,0,0,0,0,*6
569,Nick Senzel,25,CIN,NL,23,78,70,8,13,6,0,2,8,2,1,6,15,0.186,0.247,0.357,0.604,57,25,2,0,0,1,0,8/H
570,Pedro Severino,26,BAL,AL,48,178,160,17,40,5,1,5,21,1,0,16,40,0.25,0.322,0.388,0.71,95,62,3,1,1,0,0,2D/H
571,Travis Shaw,30,TOR,AL,50,180,163,17,39,10,0,6,17,0,0,16,50,0.239,0.306,0.411,0.717,95,67,4,0,0,1,0,53/HD
572,Magneuris Sierra,24,MIA,NL,19,53,44,8,11,3,1,0,7,4,1,5,9,0.25,0.333,0.364,0.697,91,16,0,1,2,1,0,8/79HD
573,Andrelton Simmons,30,LAA,AL,30,127,118,19,35,7,0,0,10,2,0,8,16,0.297,0.346,0.356,0.702,95,42,5,1,0,0,0,6
574,Chance Sisco,25,BAL,AL,36,121,98,11,21,4,0,4,10,0,0,17,41,0.214,0.364,0.378,0.741,105,37,1,6,0,0,0,2/DH
575,Austin Slater,27,SFG,NL,31,104,85,18,24,2,1,5,7,8,1,16,22,0.282,0.408,0.506,0.914,152,43,2,2,1,0,0,D/9H7
576,Dominic Smith,25,NYM,NL,50,199,177,27,56,21,1,10,42,0,0,14,45,0.316,0.377,0.616,0.993,169,109,2,5,0,3,0,37/DH
577,Dwight Smith Jr.,27,BAL,AL,21,72,63,9,14,3,0,2,6,1,0,7,19,0.222,0.306,0.365,0.671,84,23,1,1,0,1,1,7/DH
578,Kevan Smith,32,TBR,AL,17,38,31,3,8,3,0,1,8,0,0,5,11,0.258,0.378,0.452,0.83,132,14,1,1,0,0,0,2/HD
579,Mallex Smith,27,SEA,AL,14,47,45,2,6,2,0,0,3,2,0,2,13,0.133,0.17,0.178,0.348,-1,8,1,0,0,0,0,8-Sep
580,Pavin Smith,24,ARI,NL,12,44,37,7,10,0,1,1,4,1,0,5,8,0.27,0.341,0.405,0.746,99,15,0,0,0,2,0,/37D9
581,Will Smith,25,LAD,NL,37,137,114,23,33,9,0,8,25,0,0,20,22,0.289,0.401,0.579,0.98,164,66,2,2,0,1,1,2/DH
582,Justin Smoak#,33,TOT,NL,36,132,119,14,21,7,0,5,15,0,0,10,42,0.176,0.25,0.361,0.611,62,43,4,2,0,1,0,3/HD
583,Justin Smoak#,33,MIL,NL,33,126,113,14,21,7,0,5,15,0,0,10,40,0.186,0.262,0.381,0.642,70,43,3,2,0,1,0,3/HD
584,Justin Smoak#,33,SFG,NL,3,6,6,0,0,0,0,0,0,0,0,0,2,0,0,0,0,-100,0,1,0,0,0,0,/DH
585,Eric Sogard,34,MIL,NL,43,128,115,10,24,5,0,1,10,0,0,11,20,0.209,0.281,0.278,0.56,52,32,1,1,0,1,0,5H/46D7
586,Nick Solak,25,TEX,AL,58,233,209,27,56,10,0,2,23,7,1,18,42,0.268,0.326,0.344,0.671,84,72,6,2,0,4,0,748/D3H
587,Donovan Solano,32,SFG,NL,54,203,190,22,62,15,1,3,29,0,0,10,39,0.326,0.365,0.463,0.828,128,88,2,2,0,1,0,*4/5H6
588,Jorge Soler,28,KCR,AL,43,174,149,17,34,8,0,8,24,0,0,19,60,0.228,0.326,0.443,0.769,107,66,3,3,0,1,0,D/9H
589,Elliot Soto,30,LAA,AL,3,7,6,2,2,1,0,0,0,0,0,1,1,0.333,0.429,0.5,0.929,155,3,0,0,0,0,0,/64H
590,Juan Soto,21,WSN,NL,47,196,154,39,54,14,0,13,37,6,2,41,28,0.351,0.49,0.695,1.185,212,107,1,1,0,0,12,*7/9D
591,Steven Souza Jr.,31,CHC,NL,11,31,27,3,4,2,0,1,5,1,0,4,15,0.148,0.258,0.333,0.591,58,9,0,0,0,0,0,/97HD
592,George Springer,30,HOU,AL,51,222,189,37,50,6,2,14,32,1,2,24,38,0.265,0.359,0.54,0.899,140,102,3,5,0,2,0,*8/9DH
593,Jacob Stallings,30,PIT,NL,42,143,125,13,31,7,0,3,18,0,0,15,40,0.248,0.326,0.376,0.702,92,47,2,0,2,1,0,*2
594,Giancarlo Stanton,30,NYY,AL,23,94,76,12,19,7,0,4,11,1,1,15,27,0.25,0.387,0.5,0.887,144,38,4,2,0,0,1,D
595,Bubba Starling,27,KCR,AL,35,64,59,5,10,1,0,1,5,0,0,4,27,0.169,0.219,0.237,0.456,25,14,0,0,0,1,0,8/HD79
596,Max Stassi,29,LAA,AL,31,105,90,12,25,2,0,7,20,0,0,11,21,0.278,0.352,0.533,0.886,139,48,5,1,0,3,0,2/H
597,Tyler Stephenson,23,CIN,NL,8,20,17,4,5,0,0,2,6,0,0,2,9,0.294,0.4,0.647,1.047,170,11,0,1,0,0,0,/2DH
598,Andrew Stevenson,26,WSN,NL,15,47,41,11,15,7,1,2,12,2,0,5,11,0.366,0.447,0.732,1.179,207,30,0,1,0,0,0,/79H8
599,Christin Stewart,26,DET,AL,36,99,90,6,15,3,0,3,9,0,0,5,30,0.167,0.224,0.3,0.524,42,27,2,2,0,1,0,7/HD
600,DJ Stewart,26,BAL,AL,31,112,88,13,17,2,0,7,15,0,0,20,38,0.193,0.355,0.455,0.809,121,40,0,2,2,0,0,97/H
601,Trevor Story,27,COL,NL,59,259,235,41,68,13,4,11,28,15,3,24,63,0.289,0.355,0.519,0.874,118,122,5,0,0,0,1,*6/D
602,Matt Strahm,28,SDP,NL,1,0,0,0,0,0,0,0,0,0,0,0,0,,,,,,0,0,0,0,0,0,1
603,Dee Strange-Gordon,32,SEA,AL,33,82,75,12,15,1,0,0,3,3,2,5,13,0.2,0.268,0.213,0.482,39,16,1,2,0,0,0,47/H6D
604,Myles Straw,25,HOU,AL,33,86,82,8,17,4,0,0,8,6,2,4,22,0.207,0.244,0.256,0.5,37,21,0,0,0,0,0,8/HD6
605,Garrett Stubbs,27,HOU,AL,14,10,8,1,1,0,0,0,1,0,1,0,0,0.125,0.111,0.125,0.236,-36,1,0,0,1,1,0,/2H7
606,Eugenio Suarez,28,CIN,NL,57,231,198,29,40,8,0,15,38,2,0,30,67,0.202,0.312,0.47,0.781,102,93,5,2,0,1,1,*5
607,Andrew Susac,30,PIT,NL,1,4,2,0,0,0,0,0,0,0,0,2,0,0,0.5,0,0.5,56,0,0,0,0,0,0,/2
608,Kurt Suzuki,36,WSN,NL,33,129,111,15,30,8,0,2,17,1,0,11,19,0.27,0.349,0.396,0.745,99,44,4,4,0,3,0,2/DH
609,Dansby Swanson,26,ATL,NL,60,264,237,49,65,15,0,10,35,5,0,22,71,0.274,0.345,0.464,0.809,110,110,0,4,0,1,0,*6
610,Raimel Tapia,26,COL,NL,51,206,184,26,59,8,2,1,17,8,2,14,38,0.321,0.369,0.402,0.772,96,74,3,2,1,3,0,7D/H9
611,Fernando Tatis Jr.,21,SDP,NL,59,257,224,50,62,11,2,17,45,11,3,27,61,0.277,0.366,0.571,0.937,155,128,6,5,0,1,1,*6/D
612,Mike Tauchman,29,NYY,AL,43,111,95,18,23,6,0,0,14,6,0,14,26,0.242,0.342,0.305,0.648,83,29,3,1,0,1,3,*79/8HD
613,Leody Taveras#,21,TEX,AL,33,134,119,20,27,6,1,4,6,8,0,14,43,0.227,0.308,0.395,0.703,91,47,0,0,1,0,0,8
614,Beau Taylor,30,CLE,AL,7,24,21,1,1,0,0,0,2,0,0,2,9,0.048,0.13,0.048,0.178,-48,1,0,0,1,0,0,/2
615,Chris Taylor,29,LAD,NL,56,214,185,30,50,10,2,8,32,3,2,26,55,0.27,0.366,0.476,0.842,128,88,3,2,1,0,0,674/8DH
616,Michael A. Taylor,29,WSN,NL,38,99,92,11,18,6,0,5,16,0,0,6,27,0.196,0.253,0.424,0.676,76,39,2,1,0,0,0,789/HD
617,Tyrone Taylor,26,MIL,NL,22,41,38,6,9,4,0,2,6,0,0,2,8,0.237,0.293,0.5,0.793,108,19,1,1,0,0,0,9/8H7
618,Anderson Tejeda#,22,TEX,AL,23,77,75,7,19,4,1,3,8,4,1,2,30,0.253,0.273,0.453,0.726,93,34,2,0,0,0,0,6/4D
619,Rowdy Tellez,25,TOR,AL,35,127,113,20,32,5,0,8,23,0,1,11,20,0.283,0.346,0.54,0.886,139,61,1,1,0,2,1,3D/H
620,Matt Thaiss,25,LAA,AL,8,25,21,3,3,0,0,1,1,0,0,4,8,0.143,0.28,0.286,0.566,57,6,1,0,0,0,0,/3D457H
621,Eric Thames,33,WSN,NL,41,140,123,10,25,5,0,3,12,1,0,14,42,0.203,0.3,0.317,0.617,65,39,2,3,0,0,1,3D/H
622,Lane Thomas,24,STL,NL,18,40,36,5,4,2,0,1,2,0,0,4,13,0.111,0.2,0.25,0.45,22,9,1,0,0,0,0,9/8H
623,Abraham Toro#,23,HOU,AL,33,97,87,13,13,2,0,3,9,1,1,3,23,0.149,0.237,0.276,0.513,39,24,1,7,0,0,0,5DH/34
624,Luis Torrens,24,TOT,MLB,25,78,70,5,18,5,0,1,6,0,0,7,15,0.257,0.325,0.371,0.696,96,26,1,0,1,0,0,2/HD
625,Luis Torrens,24,SDP,NL,7,13,11,0,3,1,0,0,0,0,0,1,2,0.273,0.333,0.364,0.697,94,4,0,0,1,0,0,/2
626,Luis Torrens,24,SEA,AL,18,65,59,5,15,4,0,1,6,0,0,6,13,0.254,0.323,0.373,0.696,97,22,1,0,0,0,0,2/HD
627,Gleyber Torres,23,NYY,AL,42,160,136,17,33,8,0,3,16,1,0,22,28,0.243,0.356,0.368,0.724,102,50,5,2,0,0,0,*6/H
628,Ronald Torreyes,27,PHI,NL,4,7,7,1,1,1,0,0,0,0,0,0,0,0.143,0.143,0.286,0.429,11,2,1,0,0,0,0,/648
629,Jose Trevino,27,TEX,AL,24,83,76,10,19,8,0,2,9,0,0,3,15,0.25,0.28,0.434,0.715,91,33,1,1,1,2,0,2/D3H
630,Chadwick Tromp,25,SFG,NL,24,64,61,11,13,1,0,4,10,0,0,1,20,0.213,0.219,0.426,0.645,73,26,3,0,0,2,0,2/DH
631,Mike Trout,28,LAA,AL,53,241,199,41,56,9,2,17,46,1,1,35,56,0.281,0.39,0.603,0.993,168,120,1,3,0,4,4,*8/D
632,Yoshi Tsutsugo,28,TBR,AL,51,185,157,27,31,5,1,8,24,0,0,26,50,0.197,0.314,0.395,0.708,97,62,5,1,0,1,1,D75/H
633,Cole Tucker#,23,PIT,NL,37,116,109,17,24,3,0,1,8,1,0,5,31,0.22,0.252,0.275,0.527,45,30,3,0,1,1,0,89/H4D
634,Kyle Tucker,23,HOU,AL,58,228,209,33,56,12,6,9,42,8,1,18,46,0.268,0.325,0.512,0.837,123,107,2,0,0,1,2,*7D/9H
635,Justin Turner,35,LAD,NL,42,175,150,26,46,9,1,4,23,1,0,18,26,0.307,0.4,0.46,0.86,135,69,2,6,0,1,0,5D
636,Trea Turner,27,WSN,NL,59,259,233,46,78,15,4,12,41,12,4,22,36,0.335,0.394,0.588,0.982,157,137,5,2,0,2,0,*6
637,Justin Upton,32,LAA,AL,42,166,147,20,30,5,0,9,22,0,2,11,43,0.204,0.289,0.422,0.711,93,62,6,7,0,1,0,7/D
638,Luis Urias,23,MIL,NL,41,120,109,11,26,4,1,0,11,2,2,10,32,0.239,0.308,0.294,0.602,64,32,4,1,0,0,0,54/6H
639,Ramon Urias,26,BAL,AL,10,27,25,3,9,2,0,1,3,0,0,2,6,0.36,0.407,0.56,0.967,163,14,1,0,0,0,0,/64H
640,Gio Urshela,28,NYY,AL,43,174,151,24,45,11,0,6,30,1,0,18,25,0.298,0.368,0.49,0.858,136,74,6,1,0,4,0,*5/H
641,Pat Valaika,27,BAL,AL,52,150,141,24,39,4,0,8,16,0,2,8,34,0.277,0.315,0.475,0.791,114,67,3,0,1,0,0,634/H579
642,Cesar Valdez,35,BAL,AL,1,0,0,0,0,0,0,0,0,0,0,0,0,,,,,,0,0,0,0,0,0,/1
643,Josh VanMeter,25,TOT,NL,26,79,70,9,9,3,0,2,6,1,0,7,24,0.129,0.228,0.257,0.485,29,18,0,2,0,0,0,4/DH35
644,Josh VanMeter,25,CIN,NL,14,38,34,3,2,1,0,1,1,1,0,3,16,0.059,0.158,0.176,0.334,-12,6,0,1,0,0,0,/4DH3
645,Josh VanMeter,25,ARI,NL,12,41,36,6,7,2,0,1,5,0,0,4,8,0.194,0.293,0.333,0.626,68,12,0,1,0,0,0,4/5H
646,Ildemaro Vargas#,28,TOT,MLB,24,54,51,6,10,1,1,1,3,0,0,2,10,0.196,0.222,0.314,0.536,44,16,2,0,0,1,0,4/H35
647,Ildemaro Vargas#,28,TOT,NL,14,30,29,3,5,0,0,1,1,0,0,1,8,0.172,0.2,0.276,0.476,26,8,1,0,0,0,0,/43H5
648,Ildemaro Vargas#,28,ARI,NL,8,21,20,2,3,0,0,0,0,0,0,1,5,0.15,0.19,0.15,0.34,-7,3,1,0,0,0,0,/34H5
649,Ildemaro Vargas#,28,MIN,AL,10,24,22,3,5,1,1,0,2,0,0,1,2,0.227,0.25,0.364,0.614,67,8,1,0,0,1,0,/4H5
650,Ildemaro Vargas#,28,CHC,NL,6,9,9,1,2,0,0,1,1,0,0,0,3,0.222,0.222,0.556,0.778,100,5,0,0,0,0,0,/4H5
651,Daulton Varsho,23,ARI,NL,37,115,101,16,19,5,2,3,9,3,1,12,33,0.188,0.287,0.366,0.653,74,37,1,2,0,0,0,82/D7H
652,Christian Vazquez,29,BOS,AL,47,189,173,22,49,9,0,7,23,4,3,16,43,0.283,0.344,0.457,0.801,114,79,6,0,0,0,0,*2/D4H
653,Andrew Velazquez#,25,BAL,AL,40,77,63,11,10,1,1,0,3,4,2,10,23,0.159,0.274,0.206,0.48,36,13,2,0,4,0,0,6H/784
654,Alex Verdugo,24,BOS,AL,53,221,201,36,62,16,0,6,15,4,0,17,45,0.308,0.367,0.478,0.844,126,96,4,2,0,1,1,*97/H8D
655,Jonathan Villar#,29,TOT,MLB,52,207,185,13,43,5,0,2,15,16,5,19,54,0.232,0.301,0.292,0.593,64,54,2,0,1,2,1,46/DH8
656,Jonathan Villar#,29,MIA,NL,30,128,116,10,30,4,0,2,9,9,5,10,32,0.259,0.315,0.345,0.66,81,40,2,0,1,1,1,64/D8H
657,Jonathan Villar#,29,TOR,AL,22,79,69,3,13,1,0,0,6,7,0,9,22,0.188,0.278,0.203,0.481,36,14,0,0,0,1,0,4/6DH
658,Meibrys Viloria,23,KCR,AL,15,24,21,1,4,1,0,0,0,0,0,2,9,0.19,0.292,0.238,0.53,48,5,0,1,0,0,0,2
659,Daniel Vogelbach,27,TOT,MLB,39,136,115,16,24,3,0,6,16,0,0,20,33,0.209,0.331,0.391,0.722,98,45,3,1,0,0,1,D/H3
660,Daniel Vogelbach,27,TOT,AL,20,69,57,3,5,1,0,2,4,0,0,12,15,0.088,0.246,0.211,0.457,31,12,1,0,0,0,1,D/H
661,Daniel Vogelbach,27,SEA,AL,18,64,53,3,5,1,0,2,4,0,0,11,13,0.094,0.25,0.226,0.476,37,12,1,0,0,0,1,D/H
662,Daniel Vogelbach,27,TOR,AL,2,5,4,0,0,0,0,0,0,0,0,1,2,0,0.2,0,0.2,-37,0,0,0,0,0,0,/DH
663,Daniel Vogelbach,27,MIL,NL,19,67,58,13,19,2,0,4,12,0,0,8,18,0.328,0.418,0.569,0.987,162,33,2,1,0,0,0,D/3H
664,Stephen Vogt,35,ARI,NL,26,81,72,6,12,5,0,1,7,0,0,8,18,0.167,0.247,0.278,0.525,41,20,1,0,0,1,0,2/H3D
665,Luke Voit,29,NYY,AL,56,234,213,41,59,5,0,22,52,0,0,17,54,0.277,0.338,0.61,0.948,156,130,4,3,0,1,0,*3/DH
666,Joey Votto,36,CIN,NL,54,223,186,32,42,8,0,11,22,0,0,37,43,0.226,0.354,0.446,0.8,110,83,5,0,0,0,1,*3/D
667,LaMonte Wade Jr,26,MIN,AL,16,44,39,3,9,3,0,0,1,1,1,4,9,0.231,0.318,0.308,0.626,75,12,0,1,0,0,0,/38H79D
668,Tyler Wade,25,NYY,AL,52,105,88,19,15,3,0,3,10,4,1,12,22,0.17,0.288,0.307,0.595,66,27,1,3,1,1,0,46/H
669,Marcus Walden,31,BOS,AL,1,0,0,0,0,0,0,0,0,0,0,0,0,,,,,,0,0,0,0,0,0,1
670,Christian Walker,29,ARI,NL,57,243,218,35,59,18,1,7,34,1,1,19,50,0.271,0.333,0.459,0.792,110,100,6,3,0,3,0,*3D/H
671,Neil Walker#,34,PHI,NL,18,41,39,5,9,3,0,0,3,0,0,1,13,0.231,0.244,0.308,0.552,47,12,0,0,0,1,0,/4HD3571
672,Chad Wallach,28,MIA,NL,15,48,44,4,10,3,0,1,6,0,0,3,12,0.227,0.277,0.364,0.64,74,16,1,0,1,0,0,2/H
673,Jared Walsh,26,LAA,AL,32,108,99,19,29,4,2,9,26,0,0,5,15,0.293,0.324,0.646,0.971,158,64,0,1,0,3,0,3/H9D
674,Donovan Walton,26,SEA,AL,5,14,13,0,2,1,0,0,3,0,1,1,5,0.154,0.214,0.231,0.445,26,3,1,0,0,0,0,/64
675,Taylor Ward,26,LAA,AL,34,102,94,16,26,6,2,0,5,2,0,8,28,0.277,0.333,0.383,0.716,97,36,1,0,0,0,0,97/H3D
676,Joey Wendle,30,TBR,AL,50,184,168,24,48,9,2,4,17,8,2,10,35,0.286,0.342,0.435,0.777,116,73,1,5,0,1,1,546/H
677,Eli White,26,TEX,AL,19,52,48,5,9,2,0,0,3,1,1,3,16,0.188,0.231,0.229,0.46,27,11,0,0,0,1,0,7/9H8D
678,Evan White,24,SEA,AL,54,202,182,19,32,7,0,8,26,1,2,18,84,0.176,0.252,0.346,0.599,67,63,3,1,0,1,0,*3/H
679,Aaron Whitefield,23,MIN,AL,3,1,1,1,0,0,0,0,0,0,0,0,0,0,0,0,0,-100,0,0,0,0,0,0,/8H
680,Rowan Wick,27,CHC,NL,1,0,0,0,0,0,0,0,0,0,0,0,0,,,,,,0,0,0,0,0,0,1
681,Matt Wieters#,34,STL,NL,19,41,35,3,7,1,0,0,4,0,0,3,10,0.2,0.3,0.229,0.529,48,8,1,2,1,0,0,2/H
682,Justin Williams,24,STL,NL,3,6,5,0,1,0,0,0,0,0,0,1,2,0.2,0.333,0.2,0.533,52,1,0,0,0,0,0,/9DH
683,Mason Williams,28,BAL,AL,10,18,18,0,2,0,1,0,0,0,1,0,9,0.111,0.111,0.222,0.333,-11,4,0,0,0,0,0,/78H9
684,Taylor Williams#,28,TOT,MLB,1,0,0,0,0,0,0,0,0,0,0,0,0,,,,,,0,0,0,0,0,0,1
685,Taylor Williams#,28,SEA,AL,1,0,0,0,0,0,0,0,0,0,0,0,0,,,,,,0,0,0,0,0,0,1
686,Jesse Winker,26,CIN,NL,54,183,149,27,38,7,0,12,23,1,0,28,46,0.255,0.388,0.544,0.932,142,81,3,5,0,1,0,D7/H9
687,Dan Winkler,30,CHC,NL,3,0,0,0,0,0,0,0,0,0,0,0,0,,,,,,0,0,0,0,0,0,1
688,Patrick Wisdom,28,CHC,NL,2,2,2,0,0,0,0,0,0,0,0,0,0,0,0,0,0,-100,0,0,0,0,0,0,/3H
689,Tony Wolters,28,COL,NL,42,109,100,10,23,4,0,0,8,0,0,6,30,0.23,0.28,0.27,0.55,41,27,1,1,2,0,0,2/4H
690,Kolten Wong,29,STL,NL,53,208,181,26,48,4,2,1,16,5,2,20,30,0.265,0.35,0.326,0.675,87,59,1,4,2,1,1,*4/H
691,Jake Woodford,23,STL,NL,1,0,0,0,0,0,0,0,0,0,0,0,0,,,,,,0,0,0,0,0,0,1
692,Mike Yastrzemski,29,SFG,NL,54,225,192,39,57,14,4,10,35,2,1,30,55,0.297,0.4,0.568,0.968,165,109,2,3,0,0,2,*98/7H
693,Christian Yelich,28,MIL,NL,58,247,200,39,41,7,1,12,22,4,2,46,76,0.205,0.356,0.43,0.786,111,86,4,1,0,0,2,*7/D
694,Andy Young,26,ARI,NL,12,34,26,3,5,2,0,1,4,0,0,5,10,0.192,0.382,0.385,0.767,107,10,0,3,0,0,0,/4D5H7
695,Bradley Zimmer,27,CLE,AL,20,50,37,3,6,0,0,1,3,2,1,7,14,0.162,0.36,0.243,0.603,69,9,2,5,0,1,0,/789H
696,Mike Zunino,29,TBR,AL,28,84,75,8,11,4,0,4,10,0,0,6,37,0.147,0.238,0.36,0.598,65,27,0,3,0,0,0,2
,LgAvg per 600 PA,,,,171,600,533,75,130,25,2,21,71,8,3,55,140,0.244,0.321,0.415,0.736,,221,11,7,1,4,2,